-- phpMyAdmin SQL Dump
-- version 5.0.1
-- https://www.phpmyadmin.net/
--
-- Host: 127.0.0.1
-- Generation Time: Aug 11, 2020 at 12:35 PM
-- Server version: 10.4.11-MariaDB
-- PHP Version: 7.2.27

SET SQL_MODE = "NO_AUTO_VALUE_ON_ZERO";
SET AUTOCOMMIT = 0;
START TRANSACTION;
SET time_zone = "+00:00";


/*!40101 SET @OLD_CHARACTER_SET_CLIENT=@@CHARACTER_SET_CLIENT */;
/*!40101 SET @OLD_CHARACTER_SET_RESULTS=@@CHARACTER_SET_RESULTS */;
/*!40101 SET @OLD_COLLATION_CONNECTION=@@COLLATION_CONNECTION */;
/*!40101 SET NAMES utf8mb4 */;

--
-- Database: `student_progress_management_system`
--

-- --------------------------------------------------------

--
-- Table structure for table `academic_term`
--

CREATE TABLE `academic_term` (
  `id` int(11) NOT NULL,
  `aca_year` int(4) NOT NULL,
  `aca_term` int(1) NOT NULL,
  `is_current_term` int(1) NOT NULL DEFAULT 0
) ENGINE=InnoDB DEFAULT CHARSET=utf8mb4;

--
-- Dumping data for table `academic_term`
--

INSERT INTO `academic_term` (`id`, `aca_year`, `aca_term`, `is_current_term`) VALUES
(1, 2020, 1, 1),
(2, 2020, 2, 0),
(3, 2020, 3, 0);

-- --------------------------------------------------------

--
-- Table structure for table `cal_marks`
--

CREATE TABLE `cal_marks` (
  `id` int(11) NOT NULL,
  `student_admission_number` bigint(20) NOT NULL,
  `year` year(4) NOT NULL,
  `term` varchar(20) COLLATE utf8mb4_unicode_ci DEFAULT NULL,
  `avg` float NOT NULL,
  `created_at` timestamp NULL DEFAULT NULL,
  `updated_at` timestamp NULL DEFAULT NULL
) ENGINE=InnoDB DEFAULT CHARSET=utf8mb4 COLLATE=utf8mb4_unicode_ci;

--
-- Dumping data for table `cal_marks`
--

INSERT INTO `cal_marks` (`id`, `student_admission_number`, `year`, `term`, `avg`, `created_at`, `updated_at`) VALUES
(1, 1, 2019, '1', 5, '2020-05-11 20:18:41', '2020-05-11 20:18:41'),
(2, 3, 2019, '1', 8.2, '2020-05-11 20:18:41', '2020-05-11 20:18:41');

-- --------------------------------------------------------

--
-- Table structure for table `class_updates`
--

CREATE TABLE `class_updates` (
  `id` bigint(20) UNSIGNED NOT NULL,
  `student_admission_number` bigint(20) NOT NULL,
  `year` year(4) DEFAULT NULL,
  `class` varchar(255) COLLATE utf8mb4_unicode_ci NOT NULL,
  `grade` varchar(255) COLLATE utf8mb4_unicode_ci NOT NULL,
  `created_at` timestamp NULL DEFAULT NULL,
  `updated_at` timestamp NULL DEFAULT NULL
) ENGINE=InnoDB DEFAULT CHARSET=utf8mb4 COLLATE=utf8mb4_unicode_ci;

--
-- Dumping data for table `class_updates`
--

INSERT INTO `class_updates` (`id`, `student_admission_number`, `year`, `class`, `grade`, `created_at`, `updated_at`) VALUES
(2, 3, 2020, 'B', '7', '2020-05-13 08:39:12', '2020-05-13 08:39:12');

-- --------------------------------------------------------

--
-- Table structure for table `extra_activities`
--

CREATE TABLE `extra_activities` (
  `id` bigint(20) UNSIGNED NOT NULL,
  `admission_number_student` bigint(20) NOT NULL,
  `category` varchar(255) COLLATE utf8mb4_unicode_ci DEFAULT NULL,
  `event` varchar(255) COLLATE utf8mb4_unicode_ci DEFAULT NULL,
  `activity` varchar(255) COLLATE utf8mb4_unicode_ci DEFAULT NULL,
  `rank` varchar(255) COLLATE utf8mb4_unicode_ci DEFAULT NULL,
  `level` varchar(200) COLLATE utf8mb4_unicode_ci DEFAULT NULL,
  `date` date DEFAULT NULL,
  `grade` varchar(11) COLLATE utf8mb4_unicode_ci NOT NULL,
  `created_at` timestamp NULL DEFAULT NULL,
  `updated_at` timestamp NULL DEFAULT NULL
) ENGINE=InnoDB DEFAULT CHARSET=utf8mb4 COLLATE=utf8mb4_unicode_ci;

--
-- Dumping data for table `extra_activities`
--

INSERT INTO `extra_activities` (`id`, `admission_number_student`, `category`, `event`, `activity`, `rank`, `level`, `date`, `grade`, `created_at`, `updated_at`) VALUES
(35, 1, 'None-Physical', 'sinhala day competition', 'Dancing', '1st', 'Inter national school', '2020-06-19', '6', '2020-06-25 21:42:51', '2020-06-25 21:42:51'),
(36, 1, 'Physical', 'Sport meet', 'Running 100m', '3rd', 'Provincial level', '2020-06-24', '6', '2020-06-29 23:25:44', '2020-06-29 23:25:44'),
(37, 2000, 'Physical', 'Sport meet', 'Running 100m', '1st', 'Inter house', '2020-01-02', '6', '2020-08-07 17:05:58', '2020-08-07 17:05:58'),
(38, 2000, 'Physical', 'Sport meet', 'Triple jump', '2nd', 'Inter house', '2020-01-03', '6', '2020-08-07 17:08:16', '2020-08-07 17:08:16'),
(39, 2000, 'Physical', 'Sport meet', 'Relay 100*4', '1st', 'Inter house', '2020-01-04', '6', '2020-08-07 17:08:55', '2020-08-07 17:08:55'),
(40, 2000, 'Physical', 'Sport meet', 'Netball', '2nd', 'Inter house', '2020-01-06', '6', '2020-08-07 17:10:10', '2020-08-07 17:10:10'),
(41, 2012, 'None-Physical', 'English day competition', 'Easy writing', '2nd', 'Provincial level', '2020-02-07', '6', '2020-08-07 17:11:20', '2020-08-07 17:11:20'),
(42, 2012, 'None-Physical', 'English day competition', 'Easy writing', '1st', 'District level', '2020-04-07', '6', '2020-08-07 17:12:02', '2020-08-07 17:12:02'),
(43, 2015, 'None-Physical', 'sinhala day competition', 'Dancing', '1st', 'Provincial level', '2020-08-07', '6', '2020-08-07 17:14:39', '2020-08-07 17:14:39'),
(44, 2015, 'None-Physical', 'sinhala day competition', 'Dancing', '1st', 'District level', '2020-05-07', '6', '2020-08-07 17:15:32', '2020-08-07 17:15:32'),
(45, 2024, 'None-Physical', 'English day competition', 'English Debiting', '2nd', 'Inter national school', '2020-01-07', '6', '2020-08-07 17:16:28', '2020-08-07 17:16:28'),
(46, 2060, 'Physical', 'Sport meet', 'Running 400m', '1st', 'Inter house', '2020-05-07', '6', '2020-08-07 17:17:28', '2020-08-07 17:17:28'),
(47, 2063, 'Physical', 'Sport meet', 'Karate', '2nd', 'National level', '2020-08-07', '6', '2020-08-07 17:18:15', '2020-08-07 17:18:15'),
(48, 2039, 'None-Physical', 'sinhala day competition', 'Poem', '2nd', 'Provincial level', '2020-04-07', '6', '2020-08-07 17:18:52', '2020-08-07 17:18:52'),
(49, 1000, 'None-Physical', 'English day competition', 'Western music', '1st', 'Provincial level', '2020-04-07', '7', '2020-08-07 17:20:39', '2020-08-07 17:20:39'),
(50, 1012, 'Physical', 'Sport meet', 'Running 800m', '1st', 'Inter house', '2020-06-07', '7', '2020-08-07 17:21:11', '2020-08-07 17:21:11'),
(51, 1039, 'Physical', 'Sport meet', 'Javelin_throw', '2nd', 'Inter house', '2020-04-07', '7', '2020-08-07 17:22:20', '2020-08-07 17:22:20'),
(52, 1057, 'None-Physical', 'English day competition', 'Dancing', '1st', 'District level', '2020-05-07', '7', '2020-08-07 17:22:52', '2020-08-07 17:22:52');

-- --------------------------------------------------------

--
-- Table structure for table `marks`
--

CREATE TABLE `marks` (
  `id` int(11) NOT NULL,
  `admission_number` bigint(20) NOT NULL,
  `year` year(4) NOT NULL,
  `student_grade` int(11) NOT NULL,
  `class` varchar(5) NOT NULL,
  `term` varchar(20) NOT NULL,
  `subject_id` int(11) NOT NULL,
  `marks` int(11) DEFAULT NULL
) ENGINE=InnoDB DEFAULT CHARSET=latin1;

--
-- Dumping data for table `marks`
--

INSERT INTO `marks` (`id`, `admission_number`, `year`, `student_grade`, `class`, `term`, `subject_id`, `marks`) VALUES
(4, 1, 2019, 6, 'A', '1', 7, 50),
(19, 1, 2020, 6, 'A', '2', 2, 23),
(20, 3, 2020, 6, 'A', '2', 2, 87),
(24, 2001, 2020, 6, 'B', '2', 1, 89),
(25, 2004, 2020, 6, 'B', '2', 1, 90),
(26, 2007, 2020, 6, 'B', '2', 1, 78),
(27, 2010, 2020, 6, 'B', '2', 1, 49),
(28, 2013, 2020, 6, 'B', '2', 1, 56),
(29, 2016, 2020, 6, 'B', '2', 1, 92),
(30, 2019, 2020, 6, 'B', '2', 1, 75),
(31, 2022, 2020, 6, 'B', '2', 1, 79),
(32, 2025, 2020, 6, 'B', '2', 1, 69),
(33, 2028, 2020, 6, 'B', '2', 1, 68),
(34, 2031, 2020, 6, 'B', '2', 1, 90),
(35, 2034, 2020, 6, 'B', '2', 1, 88),
(36, 2037, 2020, 6, 'B', '2', 1, 79),
(37, 2040, 2020, 6, 'B', '2', 1, 67),
(38, 2043, 2020, 6, 'B', '2', 1, 89),
(39, 2046, 2020, 6, 'B', '2', 1, 49),
(40, 2049, 2020, 6, 'B', '2', 1, 81),
(41, 2052, 2020, 6, 'B', '2', 1, 80),
(44, 2000, 2020, 6, 'A', '2', 1, 87),
(45, 2003, 2020, 6, 'A', '2', 1, 95),
(46, 2006, 2020, 6, 'A', '2', 1, 78),
(47, 2009, 2020, 6, 'A', '2', 1, 69),
(48, 2012, 2020, 6, 'A', '2', 1, 92),
(49, 2015, 2020, 6, 'A', '2', 1, 21),
(50, 2018, 2020, 6, 'A', '2', 1, 98),
(51, 2021, 2020, 6, 'A', '2', 1, 50),
(52, 2024, 2020, 6, 'A', '2', 1, 69),
(53, 2027, 2020, 6, 'A', '2', 1, 71),
(54, 2030, 2020, 6, 'A', '2', 1, 79),
(55, 2033, 2020, 6, 'A', '2', 1, 49),
(56, 2036, 2020, 6, 'A', '2', 1, 69),
(57, 2039, 2020, 6, 'A', '2', 1, 96),
(58, 2042, 2020, 6, 'A', '2', 1, 87),
(59, 2045, 2020, 6, 'A', '2', 1, 84),
(60, 2048, 2020, 6, 'A', '2', 1, 79),
(61, 2051, 2020, 6, 'A', '2', 1, 81),
(62, 2054, 2020, 6, 'A', '2', 1, 78),
(63, 2001, 2020, 6, 'B', '2', 1, 70),
(64, 2001, 2020, 6, 'B', '2', 1, 70),
(65, 2004, 2020, 6, 'B', '2', 1, 72),
(66, 2007, 2020, 6, 'B', '2', 1, 89),
(67, 2010, 2020, 6, 'B', '2', 1, 65),
(68, 2013, 2020, 6, 'B', '2', 1, 80),
(69, 2016, 2020, 6, 'B', '2', 1, 92),
(70, 2019, 2020, 6, 'B', '2', 1, 23),
(71, 2022, 2020, 6, 'B', '2', 1, 92),
(72, 2025, 2020, 6, 'B', '2', 1, 90),
(73, 2028, 2020, 6, 'B', '2', 1, 78),
(74, 2031, 2020, 6, 'B', '2', 1, 59),
(75, 2034, 2020, 6, 'B', '2', 1, 62),
(76, 2037, 2020, 6, 'B', '2', 1, 95),
(77, 2040, 2020, 6, 'B', '2', 1, 70),
(78, 2043, 2020, 6, 'B', '2', 1, 63),
(79, 2046, 2020, 6, 'B', '2', 1, 50),
(80, 2049, 2020, 6, 'B', '2', 1, 49),
(81, 2052, 2020, 6, 'B', '2', 1, 89),
(82, 1, 2020, 6, 'A', '2', 2, 69),
(83, 3, 2020, 6, 'A', '2', 2, 75),
(84, 1066, 2020, 6, 'A', '2', 2, 45),
(86, 2003, 2020, 6, 'A', '2', 2, 92),
(87, 2006, 2020, 6, 'A', '2', 2, 82),
(88, 2009, 2020, 6, 'A', '2', 2, 78),
(89, 2012, 2020, 6, 'A', '2', 2, 68),
(90, 2015, 2020, 6, 'A', '2', 2, 25),
(91, 2018, 2020, 6, 'A', '2', 2, 79),
(92, 2021, 2020, 6, 'A', '2', 2, 81),
(93, 2024, 2020, 6, 'A', '2', 2, 82),
(94, 2027, 2020, 6, 'A', '2', 2, 79),
(95, 2030, 2020, 6, 'A', '2', 2, 81),
(96, 2033, 2020, 6, 'A', '2', 2, 78),
(97, 2036, 2020, 6, 'A', '2', 2, 63),
(98, 2039, 2020, 6, 'A', '2', 2, 82),
(99, 2042, 2020, 6, 'A', '2', 2, 80),
(100, 2045, 2020, 6, 'A', '2', 2, 73),
(101, 2048, 2020, 6, 'A', '2', 2, 58),
(102, 2051, 2020, 6, 'A', '2', 2, 76),
(103, 2054, 2020, 6, 'A', '2', 2, 83),
(104, 2057, 2020, 6, 'A', '2', 2, 32),
(105, 2060, 2020, 6, 'A', '2', 2, 92),
(106, 2063, 2020, 6, 'A', '2', 2, 90),
(107, 2066, 2020, 6, 'A', '2', 2, 87),
(108, 2069, 2020, 6, 'A', '2', 2, 43),
(109, 2072, 2020, 6, 'A', '2', 2, 85),
(110, 2075, 2020, 6, 'A', '2', 2, 58),
(111, 2078, 2020, 6, 'A', '2', 2, 69),
(112, 2081, 2020, 6, 'A', '2', 2, 75),
(113, 2084, 2020, 6, 'A', '2', 2, 76),
(114, 2087, 2020, 6, 'A', '2', 2, 79),
(115, 2090, 2020, 6, 'A', '2', 2, 81),
(116, 2093, 2020, 6, 'A', '2', 2, 80),
(117, 2096, 2020, 6, 'A', '2', 2, 93),
(118, 2099, 2020, 6, 'A', '2', 2, 72),
(119, 2102, 2020, 6, 'A', '2', 2, 58),
(120, 2105, 2020, 6, 'A', '2', 2, 23),
(121, 2109, 2020, 6, 'A', '2', 2, 42),
(122, 2001, 2020, 6, 'B', '2', 2, 70),
(123, 2004, 2020, 6, 'B', '2', 2, 92),
(124, 2007, 2020, 6, 'B', '2', 2, 80),
(125, 2010, 2020, 6, 'B', '2', 2, 76),
(126, 2013, 2020, 6, 'B', '2', 2, 45),
(127, 2016, 2020, 6, 'B', '2', 2, 40),
(128, 2019, 2020, 6, 'B', '2', 2, 39),
(129, 2022, 2020, 6, 'B', '2', 2, 69),
(130, 2025, 2020, 6, 'B', '2', 2, 82),
(131, 2028, 2020, 6, 'B', '2', 2, 78),
(132, 2031, 2020, 6, 'B', '2', 2, 71),
(133, 2034, 2020, 6, 'B', '2', 2, 70),
(134, 2037, 2020, 6, 'B', '2', 2, 30),
(135, 2040, 2020, 6, 'B', '2', 2, 65),
(136, 2043, 2020, 6, 'B', '2', 2, 62),
(137, 2046, 2020, 6, 'B', '2', 2, 92),
(138, 2049, 2020, 6, 'B', '2', 2, 90),
(139, 2052, 2020, 6, 'B', '2', 2, 46),
(140, 1, 2020, 6, 'A', '2', 3, 70),
(141, 3, 2020, 6, 'A', '2', 3, 82),
(142, 1066, 2020, 6, 'A', '2', 3, 90),
(144, 2003, 2020, 6, 'A', '2', 3, 69),
(145, 2006, 2020, 6, 'A', '2', 3, 82),
(146, 2009, 2020, 6, 'A', '2', 3, 70),
(147, 2012, 2020, 6, 'A', '2', 3, 50),
(148, 2015, 2020, 6, 'A', '2', 3, 40),
(149, 2018, 2020, 6, 'A', '2', 3, 92),
(150, 2021, 2020, 6, 'A', '2', 3, 56),
(151, 2024, 2020, 6, 'A', '2', 3, 70),
(152, 2027, 2020, 6, 'A', '2', 3, 80),
(153, 2030, 2020, 6, 'A', '2', 3, 75),
(154, 2033, 2020, 6, 'A', '2', 3, 71),
(155, 2036, 2020, 6, 'A', '2', 3, 72),
(156, 2039, 2020, 6, 'A', '2', 3, 72),
(157, 2042, 2020, 6, 'A', '2', 3, 79),
(158, 2045, 2020, 6, 'A', '2', 3, 75),
(159, 2048, 2020, 6, 'A', '2', 3, 72),
(160, 2051, 2020, 6, 'A', '2', 3, 73),
(161, 2054, 2020, 6, 'A', '2', 3, 82),
(162, 2057, 2020, 6, 'A', '2', 3, 47),
(163, 2060, 2020, 6, 'A', '2', 3, 80),
(164, 2063, 2020, 6, 'A', '2', 3, 76),
(165, 2066, 2020, 6, 'A', '2', 3, 81),
(166, 2069, 2020, 6, 'A', '2', 3, 90),
(167, 2072, 2020, 6, 'A', '2', 3, 65),
(168, 2075, 2020, 6, 'A', '2', 3, 58),
(169, 2078, 2020, 6, 'A', '2', 3, 59),
(170, 2081, 2020, 6, 'A', '2', 3, 68),
(171, 2084, 2020, 6, 'A', '2', 3, 75),
(172, 2087, 2020, 6, 'A', '2', 3, 85),
(173, 2090, 2020, 6, 'A', '2', 3, 75),
(174, 2093, 2020, 6, 'A', '2', 3, 82),
(175, 2096, 2020, 6, 'A', '2', 3, 73),
(176, 2099, 2020, 6, 'A', '2', 3, 72),
(177, 2102, 2020, 6, 'A', '2', 3, 65),
(178, 2105, 2020, 6, 'A', '2', 3, 53),
(179, 2109, 2020, 6, 'A', '2', 3, 45),
(180, 2001, 2020, 6, 'B', '2', 3, 75),
(181, 2004, 2020, 6, 'B', '2', 3, 45),
(182, 2007, 2020, 6, 'B', '2', 3, 90),
(183, 2010, 2020, 6, 'B', '2', 3, 75),
(184, 2013, 2020, 6, 'B', '2', 3, 85),
(185, 2016, 2020, 6, 'B', '2', 3, 52),
(186, 2019, 2020, 6, 'B', '2', 3, 85),
(187, 2022, 2020, 6, 'B', '2', 3, 65),
(188, 2025, 2020, 6, 'B', '2', 3, 72),
(189, 2028, 2020, 6, 'B', '2', 3, 45),
(190, 2031, 2020, 6, 'B', '2', 3, 57),
(191, 2034, 2020, 6, 'B', '2', 3, 85),
(192, 2037, 2020, 6, 'B', '2', 3, 81),
(193, 2040, 2020, 6, 'B', '2', 3, 86),
(194, 2043, 2020, 6, 'B', '2', 3, 52),
(195, 2046, 2020, 6, 'B', '2', 3, 70),
(196, 2049, 2020, 6, 'B', '2', 3, 71),
(197, 2052, 2020, 6, 'B', '2', 3, 49),
(198, 1, 2020, 6, 'A', '2', 4, 45),
(199, 3, 2020, 6, 'A', '2', 4, 85),
(200, 1066, 2020, 6, 'A', '2', 4, 52),
(201, 2000, 2020, 6, 'A', '2', 4, 95),
(202, 2003, 2020, 6, 'A', '2', 4, 52),
(203, 2006, 2020, 6, 'A', '2', 4, 63),
(204, 2009, 2020, 6, 'A', '2', 4, 75),
(205, 2012, 2020, 6, 'A', '2', 4, 75),
(206, 2015, 2020, 6, 'A', '2', 4, 96),
(207, 2018, 2020, 6, 'A', '2', 4, 52),
(208, 2021, 2020, 6, 'A', '2', 4, 75),
(209, 2024, 2020, 6, 'A', '2', 4, 65),
(210, 2027, 2020, 6, 'A', '2', 4, 56),
(211, 2030, 2020, 6, 'A', '2', 4, 75),
(212, 2033, 2020, 6, 'A', '2', 4, 85),
(213, 2036, 2020, 6, 'A', '2', 4, 65),
(214, 2039, 2020, 6, 'A', '2', 4, 52),
(215, 2042, 2020, 6, 'A', '2', 4, 78),
(216, 2045, 2020, 6, 'A', '2', 4, 88),
(217, 2048, 2020, 6, 'A', '2', 4, 85),
(218, 2051, 2020, 6, 'A', '2', 4, 81),
(219, 2054, 2020, 6, 'A', '2', 4, 56),
(220, 2057, 2020, 6, 'A', '2', 4, 75),
(221, 2060, 2020, 6, 'A', '2', 4, 75),
(222, 2063, 2020, 6, 'A', '2', 4, 87),
(223, 2066, 2020, 6, 'A', '2', 4, 71),
(224, 2069, 2020, 6, 'A', '2', 4, 72),
(225, 2072, 2020, 6, 'A', '2', 4, 76),
(226, 2075, 2020, 6, 'A', '2', 4, 97),
(227, 2078, 2020, 6, 'A', '2', 4, 91),
(228, 2081, 2020, 6, 'A', '2', 4, 90),
(229, 2084, 2020, 6, 'A', '2', 4, 92),
(230, 2087, 2020, 6, 'A', '2', 4, 93),
(231, 2090, 2020, 6, 'A', '2', 4, 87),
(232, 2093, 2020, 6, 'A', '2', 4, 88),
(233, 2096, 2020, 6, 'A', '2', 4, 71),
(234, 2099, 2020, 6, 'A', '2', 4, 70),
(235, 2102, 2020, 6, 'A', '2', 4, 76),
(236, 2105, 2020, 6, 'A', '2', 4, 46),
(237, 2109, 2020, 6, 'A', '2', 4, 76),
(238, 2001, 2020, 6, 'B', '2', 4, 45),
(239, 2004, 2020, 6, 'B', '2', 4, 85),
(240, 2007, 2020, 6, 'B', '2', 4, 80),
(241, 2010, 2020, 6, 'B', '2', 4, 82),
(242, 2013, 2020, 6, 'B', '2', 4, 81),
(243, 2016, 2020, 6, 'B', '2', 4, 80),
(244, 2019, 2020, 6, 'B', '2', 4, 76),
(245, 2022, 2020, 6, 'B', '2', 4, 76),
(246, 2025, 2020, 6, 'B', '2', 4, 70),
(247, 2028, 2020, 6, 'B', '2', 4, 71),
(248, 2031, 2020, 6, 'B', '2', 4, 69),
(249, 2034, 2020, 6, 'B', '2', 4, 65),
(250, 2037, 2020, 6, 'B', '2', 4, 75),
(251, 2040, 2020, 6, 'B', '2', 4, 78),
(252, 2043, 2020, 6, 'B', '2', 4, 29),
(253, 2046, 2020, 6, 'B', '2', 4, 56),
(254, 2049, 2020, 6, 'B', '2', 4, 78),
(255, 2052, 2020, 6, 'B', '2', 4, 45),
(256, 1, 2020, 6, 'A', '2', 6, 75),
(257, 3, 2020, 6, 'A', '2', 6, 96),
(258, 1066, 2020, 6, 'A', '2', 6, 90),
(260, 2003, 2020, 6, 'A', '2', 6, 77),
(261, 2006, 2020, 6, 'A', '2', 6, 74),
(262, 2009, 2020, 6, 'A', '2', 6, 66),
(263, 2012, 2020, 6, 'A', '2', 6, 85),
(264, 2015, 2020, 6, 'A', '2', 6, 85),
(265, 2018, 2020, 6, 'A', '2', 6, 75),
(266, 2021, 2020, 6, 'A', '2', 6, 65),
(267, 2024, 2020, 6, 'A', '2', 6, 55),
(268, 2027, 2020, 6, 'A', '2', 6, 75),
(269, 2030, 2020, 6, 'A', '2', 6, 69),
(270, 2033, 2020, 6, 'A', '2', 6, 85),
(271, 2036, 2020, 6, 'A', '2', 6, 75),
(272, 2039, 2020, 6, 'A', '2', 6, 92),
(273, 2042, 2020, 6, 'A', '2', 6, 90),
(274, 2045, 2020, 6, 'A', '2', 6, 87),
(275, 2048, 2020, 6, 'A', '2', 6, 56),
(276, 2051, 2020, 6, 'A', '2', 6, 78),
(277, 2054, 2020, 6, 'A', '2', 6, 85),
(278, 2057, 2020, 6, 'A', '2', 6, 90),
(279, 2060, 2020, 6, 'A', '2', 6, 75),
(280, 2063, 2020, 6, 'A', '2', 6, 56),
(281, 2066, 2020, 6, 'A', '2', 6, 78),
(282, 2069, 2020, 6, 'A', '2', 6, 78),
(283, 2072, 2020, 6, 'A', '2', 6, 70),
(284, 2075, 2020, 6, 'A', '2', 6, 56),
(285, 2078, 2020, 6, 'A', '2', 6, 56),
(286, 2081, 2020, 6, 'A', '2', 6, 87),
(287, 2084, 2020, 6, 'A', '2', 6, 89),
(288, 2087, 2020, 6, 'A', '2', 6, 46),
(289, 2090, 2020, 6, 'A', '2', 6, 62),
(290, 2093, 2020, 6, 'A', '2', 6, 85),
(291, 2096, 2020, 6, 'A', '2', 6, 97),
(292, 2099, 2020, 6, 'A', '2', 6, 55),
(293, 2102, 2020, 6, 'A', '2', 6, 56),
(294, 2105, 2020, 6, 'A', '2', 6, 77),
(295, 2109, 2020, 6, 'A', '2', 6, 85),
(296, 2001, 2020, 6, 'B', '2', 6, 86),
(297, 2004, 2020, 6, 'B', '2', 6, 90),
(298, 2007, 2020, 6, 'B', '2', 6, 56),
(299, 2010, 2020, 6, 'B', '2', 6, 66),
(300, 2013, 2020, 6, 'B', '2', 6, 76),
(301, 2016, 2020, 6, 'B', '2', 6, 77),
(302, 2019, 2020, 6, 'B', '2', 6, 88),
(303, 2022, 2020, 6, 'B', '2', 6, 56),
(304, 2025, 2020, 6, 'B', '2', 6, 90),
(305, 2028, 2020, 6, 'B', '2', 6, 65),
(306, 2031, 2020, 6, 'B', '2', 6, 96),
(307, 2034, 2020, 6, 'B', '2', 6, 75),
(308, 2037, 2020, 6, 'B', '2', 6, 88),
(309, 2040, 2020, 6, 'B', '2', 6, 56),
(310, 2043, 2020, 6, 'B', '2', 6, 45),
(311, 2046, 2020, 6, 'B', '2', 6, 91),
(312, 2049, 2020, 6, 'B', '2', 6, 76),
(313, 2052, 2020, 6, 'B', '2', 6, 52),
(314, 1, 2020, 6, 'A', '2', 7, 78),
(315, 3, 2020, 6, 'A', '2', 7, 65),
(316, 1066, 2020, 6, 'A', '2', 7, 58),
(318, 2003, 2020, 6, 'A', '2', 7, 96),
(319, 2006, 2020, 6, 'A', '2', 7, 90),
(320, 2009, 2020, 6, 'A', '2', 7, 80),
(321, 2012, 2020, 6, 'A', '2', 7, 65),
(322, 2015, 2020, 6, 'A', '2', 7, 56),
(323, 2018, 2020, 6, 'A', '2', 7, 56),
(324, 2021, 2020, 6, 'A', '2', 7, 50),
(325, 2024, 2020, 6, 'A', '2', 7, 76),
(326, 2027, 2020, 6, 'A', '2', 7, 70),
(327, 2030, 2020, 6, 'A', '2', 7, 71),
(328, 2033, 2020, 6, 'A', '2', 7, 82),
(329, 2036, 2020, 6, 'A', '2', 7, 56),
(330, 2039, 2020, 6, 'A', '2', 7, 85),
(331, 2042, 2020, 6, 'A', '2', 7, 86),
(332, 2045, 2020, 6, 'A', '2', 7, 75),
(333, 2048, 2020, 6, 'A', '2', 7, 69),
(334, 2051, 2020, 6, 'A', '2', 7, 56),
(335, 2054, 2020, 6, 'A', '2', 7, 95),
(336, 2057, 2020, 6, 'A', '2', 7, 56),
(337, 2060, 2020, 6, 'A', '2', 7, 76),
(338, 2063, 2020, 6, 'A', '2', 7, 85),
(339, 2066, 2020, 6, 'A', '2', 7, 76),
(340, 2069, 2020, 6, 'A', '2', 7, 85),
(341, 2072, 2020, 6, 'A', '2', 7, 56),
(342, 2075, 2020, 6, 'A', '2', 7, 78),
(343, 2078, 2020, 6, 'A', '2', 7, 96),
(344, 2081, 2020, 6, 'A', '2', 7, 56),
(345, 2084, 2020, 6, 'A', '2', 7, 75),
(346, 2087, 2020, 6, 'A', '2', 7, 75),
(347, 2090, 2020, 6, 'A', '2', 7, 76),
(348, 2093, 2020, 6, 'A', '2', 7, 56),
(349, 2096, 2020, 6, 'A', '2', 7, 89),
(350, 2099, 2020, 6, 'A', '2', 7, 85),
(351, 2102, 2020, 6, 'A', '2', 7, 65),
(352, 2105, 2020, 6, 'A', '2', 7, 82),
(353, 2109, 2020, 6, 'A', '2', 7, 70),
(354, 2001, 2020, 6, 'B', '2', 7, 56),
(355, 2004, 2020, 6, 'B', '2', 7, 75),
(356, 2007, 2020, 6, 'B', '2', 7, 80),
(357, 2010, 2020, 6, 'B', '2', 7, 40),
(358, 2013, 2020, 6, 'B', '2', 7, 56),
(359, 2016, 2020, 6, 'B', '2', 7, 85),
(360, 2019, 2020, 6, 'B', '2', 7, 75),
(361, 2022, 2020, 6, 'B', '2', 7, 65),
(362, 2025, 2020, 6, 'B', '2', 7, 85),
(363, 2028, 2020, 6, 'B', '2', 7, 45),
(364, 2031, 2020, 6, 'B', '2', 7, 63),
(365, 2034, 2020, 6, 'B', '2', 7, 85),
(366, 2037, 2020, 6, 'B', '2', 7, 75),
(367, 2040, 2020, 6, 'B', '2', 7, 56),
(368, 2043, 2020, 6, 'B', '2', 7, 95),
(369, 2046, 2020, 6, 'B', '2', 7, 75),
(370, 2049, 2020, 6, 'B', '2', 7, 74),
(371, 2052, 2020, 6, 'B', '2', 7, 75),
(372, 1, 2020, 6, 'A', '2', 9, 45),
(373, 3, 2020, 6, 'A', '2', 9, 75),
(374, 1066, 2020, 6, 'A', '2', 9, 85),
(376, 2003, 2020, 6, 'A', '2', 9, 85),
(377, 2006, 2020, 6, 'A', '2', 9, 65),
(378, 2009, 2020, 6, 'A', '2', 9, 75),
(379, 2012, 2020, 6, 'A', '2', 9, 85),
(380, 2015, 2020, 6, 'A', '2', 9, 75),
(381, 2018, 2020, 6, 'A', '2', 9, 69),
(382, 2021, 2020, 6, 'A', '2', 9, 75),
(383, 2024, 2020, 6, 'A', '2', 9, 52),
(384, 2027, 2020, 6, 'A', '2', 9, 85),
(385, 2030, 2020, 6, 'A', '2', 9, 75),
(386, 2033, 2020, 6, 'A', '2', 9, 96),
(387, 2036, 2020, 6, 'A', '2', 9, 75),
(388, 2039, 2020, 6, 'A', '2', 9, 75),
(389, 2042, 2020, 6, 'A', '2', 9, 65),
(390, 2045, 2020, 6, 'A', '2', 9, 85),
(391, 2048, 2020, 6, 'A', '2', 9, 46),
(392, 2051, 2020, 6, 'A', '2', 9, 62),
(393, 2054, 2020, 6, 'A', '2', 9, 85),
(394, 2057, 2020, 6, 'A', '2', 9, 75),
(395, 2060, 2020, 6, 'A', '2', 9, 65),
(396, 2063, 2020, 6, 'A', '2', 9, 71),
(397, 2066, 2020, 6, 'A', '2', 9, 70),
(398, 2069, 2020, 6, 'A', '2', 9, 56),
(399, 2072, 2020, 6, 'A', '2', 9, 45),
(400, 2075, 2020, 6, 'A', '2', 9, 75),
(401, 2078, 2020, 6, 'A', '2', 9, 65),
(402, 2081, 2020, 6, 'A', '2', 9, 65),
(403, 2084, 2020, 6, 'A', '2', 9, 75),
(404, 2087, 2020, 6, 'A', '2', 9, 85),
(405, 2090, 2020, 6, 'A', '2', 9, 65),
(406, 2093, 2020, 6, 'A', '2', 9, 80),
(407, 2096, 2020, 6, 'A', '2', 9, 76),
(408, 2099, 2020, 6, 'A', '2', 9, 46),
(409, 2102, 2020, 6, 'A', '2', 9, 75),
(410, 2105, 2020, 6, 'A', '2', 9, 96),
(411, 2109, 2020, 6, 'A', '2', 9, 45),
(412, 2001, 2020, 6, 'B', '2', 9, 75),
(413, 2004, 2020, 6, 'B', '2', 9, 85),
(414, 2007, 2020, 6, 'B', '2', 9, 96),
(415, 2010, 2020, 6, 'B', '2', 9, 85),
(416, 2013, 2020, 6, 'B', '2', 9, 75),
(417, 2016, 2020, 6, 'B', '2', 9, 85),
(418, 2019, 2020, 6, 'B', '2', 9, 80),
(419, 2022, 2020, 6, 'B', '2', 9, 45),
(420, 2025, 2020, 6, 'B', '2', 9, 65),
(421, 2028, 2020, 6, 'B', '2', 9, 75),
(422, 2031, 2020, 6, 'B', '2', 9, 69),
(423, 2034, 2020, 6, 'B', '2', 9, 65),
(424, 2037, 2020, 6, 'B', '2', 9, 62),
(425, 2040, 2020, 6, 'B', '2', 9, 85),
(426, 2043, 2020, 6, 'B', '2', 9, 75),
(427, 2046, 2020, 6, 'B', '2', 9, 56),
(428, 2049, 2020, 6, 'B', '2', 9, 85),
(429, 2052, 2020, 6, 'B', '2', 9, 43),
(430, 1, 2020, 6, 'A', '2', 10, 75),
(431, 3, 2020, 6, 'A', '2', 10, 85),
(432, 1066, 2020, 6, 'A', '2', 10, 85),
(434, 2003, 2020, 6, 'A', '2', 10, 55),
(435, 2006, 2020, 6, 'A', '2', 10, 75),
(436, 2009, 2020, 6, 'A', '2', 10, 69),
(437, 2012, 2020, 6, 'A', '2', 10, 85),
(438, 2015, 2020, 6, 'A', '2', 10, 52),
(439, 2018, 2020, 6, 'A', '2', 10, 75),
(440, 2021, 2020, 6, 'A', '2', 10, 63),
(441, 2024, 2020, 6, 'A', '2', 10, 59),
(442, 2027, 2020, 6, 'A', '2', 10, 85),
(443, 2030, 2020, 6, 'A', '2', 10, 74),
(444, 2033, 2020, 6, 'A', '2', 10, 69),
(445, 2036, 2020, 6, 'A', '2', 10, 95),
(446, 2039, 2020, 6, 'A', '2', 10, 85),
(447, 2042, 2020, 6, 'A', '2', 10, 74),
(448, 2045, 2020, 6, 'A', '2', 10, 69),
(449, 2048, 2020, 6, 'A', '2', 10, 85),
(450, 2051, 2020, 6, 'A', '2', 10, 74),
(451, 2054, 2020, 6, 'A', '2', 10, 69),
(452, 2057, 2020, 6, 'A', '2', 10, 81),
(453, 2060, 2020, 6, 'A', '2', 10, 74),
(454, 2063, 2020, 6, 'A', '2', 10, 56),
(455, 2066, 2020, 6, 'A', '2', 10, 85),
(456, 2069, 2020, 6, 'A', '2', 10, 74),
(457, 2072, 2020, 6, 'A', '2', 10, 46),
(458, 2075, 2020, 6, 'A', '2', 10, 75),
(459, 2078, 2020, 6, 'A', '2', 10, 63),
(460, 2081, 2020, 6, 'A', '2', 10, 78),
(461, 2084, 2020, 6, 'A', '2', 10, 46),
(462, 2087, 2020, 6, 'A', '2', 10, 78),
(463, 2090, 2020, 6, 'A', '2', 10, 56),
(464, 2093, 2020, 6, 'A', '2', 10, 56),
(465, 2096, 2020, 6, 'A', '2', 10, 60),
(466, 2099, 2020, 6, 'A', '2', 10, 50),
(467, 2102, 2020, 6, 'A', '2', 10, 75),
(468, 2105, 2020, 6, 'A', '2', 10, 45),
(469, 2109, 2020, 6, 'A', '2', 10, 90),
(470, 2001, 2020, 6, 'B', '2', 10, 45),
(471, 2004, 2020, 6, 'B', '2', 10, 71),
(472, 2007, 2020, 6, 'B', '2', 10, 85),
(473, 2010, 2020, 6, 'B', '2', 10, 95),
(474, 2013, 2020, 6, 'B', '2', 10, 85),
(475, 2016, 2020, 6, 'B', '2', 10, 74),
(476, 2019, 2020, 6, 'B', '2', 10, 65),
(477, 2022, 2020, 6, 'B', '2', 10, 60),
(478, 2025, 2020, 6, 'B', '2', 10, 54),
(479, 2028, 2020, 6, 'B', '2', 10, 75),
(480, 2031, 2020, 6, 'B', '2', 10, 65),
(481, 2034, 2020, 6, 'B', '2', 10, 85),
(482, 2037, 2020, 6, 'B', '2', 10, 81),
(483, 2040, 2020, 6, 'B', '2', 10, 75),
(484, 2043, 2020, 6, 'B', '2', 10, 45),
(485, 2046, 2020, 6, 'B', '2', 10, 76),
(486, 2049, 2020, 6, 'B', '2', 10, 58),
(487, 2052, 2020, 6, 'B', '2', 10, 75),
(488, 2001, 2020, 6, 'B', '2', 10, 45),
(489, 2004, 2020, 6, 'B', '2', 10, 75),
(490, 2007, 2020, 6, 'B', '2', 10, 65),
(491, 2010, 2020, 6, 'B', '2', 10, 88),
(492, 2013, 2020, 6, 'B', '2', 10, 75),
(493, 2016, 2020, 6, 'B', '2', 10, 46),
(494, 2019, 2020, 6, 'B', '2', 10, 95),
(495, 2022, 2020, 6, 'B', '2', 10, 75),
(496, 2025, 2020, 6, 'B', '2', 10, 45),
(497, 2028, 2020, 6, 'B', '2', 10, 75),
(498, 2031, 2020, 6, 'B', '2', 10, 65),
(499, 2034, 2020, 6, 'B', '2', 10, 85),
(500, 2037, 2020, 6, 'B', '2', 10, 52),
(501, 2040, 2020, 6, 'B', '2', 10, 75),
(502, 2043, 2020, 6, 'B', '2', 10, 65),
(503, 2046, 2020, 6, 'B', '2', 10, 85),
(504, 2049, 2020, 6, 'B', '2', 10, 75),
(505, 2052, 2020, 6, 'B', '2', 10, 45),
(506, 1, 2020, 6, 'A', '2', 11, 45),
(507, 3, 2020, 6, 'A', '2', 11, 60),
(508, 1066, 2020, 6, 'A', '2', 11, 85),
(510, 2003, 2020, 6, 'A', '2', 11, 65),
(511, 2006, 2020, 6, 'A', '2', 11, 75),
(512, 2009, 2020, 6, 'A', '2', 11, 63),
(513, 2012, 2020, 6, 'A', '2', 11, 69),
(514, 2015, 2020, 6, 'A', '2', 11, 75),
(515, 2018, 2020, 6, 'A', '2', 11, 85),
(516, 2021, 2020, 6, 'A', '2', 11, 45),
(517, 2024, 2020, 6, 'A', '2', 11, 75),
(518, 2027, 2020, 6, 'A', '2', 11, 71),
(519, 2030, 2020, 6, 'A', '2', 11, 85),
(520, 2033, 2020, 6, 'A', '2', 11, 75),
(521, 2036, 2020, 6, 'A', '2', 11, 69),
(522, 2039, 2020, 6, 'A', '2', 11, 74),
(523, 2042, 2020, 6, 'A', '2', 11, 45),
(524, 2045, 2020, 6, 'A', '2', 11, 58),
(525, 2048, 2020, 6, 'A', '2', 11, 53),
(526, 2051, 2020, 6, 'A', '2', 11, 72),
(527, 2054, 2020, 6, 'A', '2', 11, 46),
(528, 2057, 2020, 6, 'A', '2', 11, 75),
(529, 2060, 2020, 6, 'A', '2', 11, 56),
(530, 2063, 2020, 6, 'A', '2', 11, 65),
(531, 2066, 2020, 6, 'A', '2', 11, 60),
(532, 2069, 2020, 6, 'A', '2', 11, 61),
(533, 2072, 2020, 6, 'A', '2', 11, 63),
(534, 2075, 2020, 6, 'A', '2', 11, 74),
(535, 2078, 2020, 6, 'A', '2', 11, 53),
(536, 2081, 2020, 6, 'A', '2', 11, 41),
(537, 2084, 2020, 6, 'A', '2', 11, 46),
(538, 2087, 2020, 6, 'A', '2', 11, 75),
(539, 2090, 2020, 6, 'A', '2', 11, 81),
(540, 2093, 2020, 6, 'A', '2', 11, 83),
(541, 2096, 2020, 6, 'A', '2', 11, 83),
(542, 2099, 2020, 6, 'A', '2', 11, 88),
(543, 2102, 2020, 6, 'A', '2', 11, 85),
(544, 2105, 2020, 6, 'A', '2', 11, 95),
(545, 2109, 2020, 6, 'A', '2', 11, 99),
(546, 2001, 2020, 6, 'B', '2', 11, 56),
(547, 2004, 2020, 6, 'B', '2', 11, 85),
(548, 2007, 2020, 6, 'B', '2', 11, 75),
(549, 2010, 2020, 6, 'B', '2', 11, 71),
(550, 2013, 2020, 6, 'B', '2', 11, 70),
(551, 2016, 2020, 6, 'B', '2', 11, 86),
(552, 2019, 2020, 6, 'B', '2', 11, 80),
(553, 2022, 2020, 6, 'B', '2', 11, 75),
(554, 2025, 2020, 6, 'B', '2', 11, 63),
(555, 2028, 2020, 6, 'B', '2', 11, 95),
(556, 2031, 2020, 6, 'B', '2', 11, 85),
(557, 2034, 2020, 6, 'B', '2', 11, 85),
(558, 2037, 2020, 6, 'B', '2', 11, 75),
(559, 2040, 2020, 6, 'B', '2', 11, 65),
(560, 2043, 2020, 6, 'B', '2', 11, 75),
(561, 2046, 2020, 6, 'B', '2', 11, 85),
(562, 2049, 2020, 6, 'B', '2', 11, 96),
(563, 2052, 2020, 6, 'B', '2', 11, 45),
(564, 1, 2020, 6, 'A', '2', 12, 45),
(565, 3, 2020, 6, 'A', '2', 12, 75),
(566, 1066, 2020, 6, 'A', '2', 12, 85),
(568, 2003, 2020, 6, 'A', '2', 12, 90),
(569, 2006, 2020, 6, 'A', '2', 12, 56),
(570, 2009, 2020, 6, 'A', '2', 12, 85),
(571, 2012, 2020, 6, 'A', '2', 12, 65),
(572, 2015, 2020, 6, 'A', '2', 12, 85),
(573, 2018, 2020, 6, 'A', '2', 12, 72),
(574, 2021, 2020, 6, 'A', '2', 12, 79),
(575, 2024, 2020, 6, 'A', '2', 12, 71),
(576, 2027, 2020, 6, 'A', '2', 12, 70),
(577, 2030, 2020, 6, 'A', '2', 12, 65),
(578, 2033, 2020, 6, 'A', '2', 12, 85),
(579, 2036, 2020, 6, 'A', '2', 12, 45),
(580, 2039, 2020, 6, 'A', '2', 12, 65),
(581, 2042, 2020, 6, 'A', '2', 12, 85),
(582, 2045, 2020, 6, 'A', '2', 12, 46),
(583, 2048, 2020, 6, 'A', '2', 12, 67),
(584, 2051, 2020, 6, 'A', '2', 12, 62),
(585, 2054, 2020, 6, 'A', '2', 12, 60),
(586, 2057, 2020, 6, 'A', '2', 12, 68),
(587, 2060, 2020, 6, 'A', '2', 12, 85),
(588, 2063, 2020, 6, 'A', '2', 12, 75),
(589, 2066, 2020, 6, 'A', '2', 12, 56),
(590, 2069, 2020, 6, 'A', '2', 12, 56),
(591, 2072, 2020, 6, 'A', '2', 12, 65),
(592, 2075, 2020, 6, 'A', '2', 12, 85),
(593, 2078, 2020, 6, 'A', '2', 12, 45),
(594, 2081, 2020, 6, 'A', '2', 12, 23),
(595, 2084, 2020, 6, 'A', '2', 12, 35),
(596, 2087, 2020, 6, 'A', '2', 12, 65),
(597, 2090, 2020, 6, 'A', '2', 12, 85),
(598, 2093, 2020, 6, 'A', '2', 12, 75),
(599, 2096, 2020, 6, 'A', '2', 12, 56),
(600, 2099, 2020, 6, 'A', '2', 12, 45),
(601, 2102, 2020, 6, 'A', '2', 12, 65),
(602, 2105, 2020, 6, 'A', '2', 12, 75),
(603, 2109, 2020, 6, 'A', '2', 12, 62),
(604, 2001, 2020, 6, 'B', '2', 12, 56),
(605, 2004, 2020, 6, 'B', '2', 12, 75),
(606, 2007, 2020, 6, 'B', '2', 12, 85),
(607, 2010, 2020, 6, 'B', '2', 12, 56),
(608, 2013, 2020, 6, 'B', '2', 12, 89),
(609, 2016, 2020, 6, 'B', '2', 12, 85),
(610, 2019, 2020, 6, 'B', '2', 12, 82),
(611, 2022, 2020, 6, 'B', '2', 12, 46),
(612, 2025, 2020, 6, 'B', '2', 12, 75),
(613, 2028, 2020, 6, 'B', '2', 12, 95),
(614, 2031, 2020, 6, 'B', '2', 12, 65),
(615, 2034, 2020, 6, 'B', '2', 12, 46),
(616, 2037, 2020, 6, 'B', '2', 12, 73),
(617, 2040, 2020, 6, 'B', '2', 12, 85),
(618, 2043, 2020, 6, 'B', '2', 12, 65),
(619, 2046, 2020, 6, 'B', '2', 12, 65),
(620, 2049, 2020, 6, 'B', '2', 12, 75),
(621, 2052, 2020, 6, 'B', '2', 12, 32),
(622, 1, 2020, 6, 'A', '2', 15, 46),
(623, 3, 2020, 6, 'A', '2', 15, 75),
(624, 1066, 2020, 6, 'A', '2', 15, 85),
(626, 2003, 2020, 6, 'A', '2', 15, 85),
(627, 2006, 2020, 6, 'A', '2', 15, 46),
(628, 2009, 2020, 6, 'A', '2', 15, 65),
(629, 2012, 2020, 6, 'A', '2', 15, 85),
(630, 2015, 2020, 6, 'A', '2', 15, 75),
(631, 2018, 2020, 6, 'A', '2', 15, 65),
(632, 2021, 2020, 6, 'A', '2', 15, 85),
(633, 2024, 2020, 6, 'A', '2', 15, 65),
(634, 2027, 2020, 6, 'A', '2', 15, 32),
(635, 2030, 2020, 6, 'A', '2', 15, 75),
(636, 2033, 2020, 6, 'A', '2', 15, 56),
(637, 2036, 2020, 6, 'A', '2', 15, 75),
(638, 2039, 2020, 6, 'A', '2', 15, 63),
(639, 2042, 2020, 6, 'A', '2', 15, 85),
(640, 2045, 2020, 6, 'A', '2', 15, 65),
(641, 2048, 2020, 6, 'A', '2', 15, 63),
(642, 2051, 2020, 6, 'A', '2', 15, 75),
(643, 2054, 2020, 6, 'A', '2', 15, 77),
(644, 2057, 2020, 6, 'A', '2', 15, 76),
(645, 2060, 2020, 6, 'A', '2', 15, 73),
(646, 2063, 2020, 6, 'A', '2', 15, 85),
(647, 2066, 2020, 6, 'A', '2', 15, 65),
(648, 2069, 2020, 6, 'A', '2', 15, 75),
(649, 2072, 2020, 6, 'A', '2', 15, 80),
(650, 2075, 2020, 6, 'A', '2', 15, 95),
(651, 2078, 2020, 6, 'A', '2', 15, 85),
(652, 2081, 2020, 6, 'A', '2', 15, 76),
(653, 2084, 2020, 6, 'A', '2', 15, 63),
(654, 2087, 2020, 6, 'A', '2', 15, 65),
(655, 2090, 2020, 6, 'A', '2', 15, 75),
(656, 2093, 2020, 6, 'A', '2', 15, 65),
(657, 2096, 2020, 6, 'A', '2', 15, 68),
(658, 2099, 2020, 6, 'A', '2', 15, 76),
(659, 2102, 2020, 6, 'A', '2', 15, 83),
(660, 2105, 2020, 6, 'A', '2', 15, 85),
(661, 2109, 2020, 6, 'A', '2', 15, 82),
(662, 2001, 2020, 6, 'B', '2', 15, 65),
(663, 2004, 2020, 6, 'B', '2', 15, 85),
(664, 2007, 2020, 6, 'B', '2', 15, 64),
(665, 2010, 2020, 6, 'B', '2', 15, 75),
(666, 2013, 2020, 6, 'B', '2', 15, 85),
(667, 2016, 2020, 6, 'B', '2', 15, 63),
(668, 2019, 2020, 6, 'B', '2', 15, 75),
(669, 2022, 2020, 6, 'B', '2', 15, 85),
(670, 2025, 2020, 6, 'B', '2', 15, 96),
(671, 2028, 2020, 6, 'B', '2', 15, 65),
(672, 2031, 2020, 6, 'B', '2', 15, 70),
(673, 2034, 2020, 6, 'B', '2', 15, 71),
(674, 2037, 2020, 6, 'B', '2', 15, 68),
(675, 2040, 2020, 6, 'B', '2', 15, 96),
(676, 2043, 2020, 6, 'B', '2', 15, 85),
(677, 2046, 2020, 6, 'B', '2', 15, 75),
(678, 2049, 2020, 6, 'B', '2', 15, 85),
(679, 2052, 2020, 6, 'B', '2', 15, 65),
(680, 1, 2020, 6, 'A', '2', 16, 75),
(681, 3, 2020, 6, 'A', '2', 16, 65),
(682, 1066, 2020, 6, 'A', '2', 16, 85),
(684, 2003, 2020, 6, 'A', '2', 16, 68),
(685, 2006, 2020, 6, 'A', '2', 16, 85),
(686, 2009, 2020, 6, 'A', '2', 16, 65),
(687, 2012, 2020, 6, 'A', '2', 16, 85),
(688, 2015, 2020, 6, 'A', '2', 16, 75),
(689, 2018, 2020, 6, 'A', '2', 16, 85),
(690, 2021, 2020, 6, 'A', '2', 16, 65),
(691, 2024, 2020, 6, 'A', '2', 16, 85),
(692, 2027, 2020, 6, 'A', '2', 16, 75),
(693, 2030, 2020, 6, 'A', '2', 16, 85),
(694, 2033, 2020, 6, 'A', '2', 16, 65),
(695, 2036, 2020, 6, 'A', '2', 16, 75),
(696, 2039, 2020, 6, 'A', '2', 16, 85),
(697, 2042, 2020, 6, 'A', '2', 16, 65),
(698, 2045, 2020, 6, 'A', '2', 16, 85),
(699, 2048, 2020, 6, 'A', '2', 16, 75),
(700, 2051, 2020, 6, 'A', '2', 16, 85),
(701, 2054, 2020, 6, 'A', '2', 16, 65),
(702, 2057, 2020, 6, 'A', '2', 16, 85),
(703, 2060, 2020, 6, 'A', '2', 16, 95),
(704, 2063, 2020, 6, 'A', '2', 16, 76),
(705, 2066, 2020, 6, 'A', '2', 16, 65),
(706, 2069, 2020, 6, 'A', '2', 16, 75),
(707, 2072, 2020, 6, 'A', '2', 16, 70),
(708, 2075, 2020, 6, 'A', '2', 16, 65),
(709, 2078, 2020, 6, 'A', '2', 16, 76),
(710, 2081, 2020, 6, 'A', '2', 16, 56),
(711, 2084, 2020, 6, 'A', '2', 16, 75),
(712, 2087, 2020, 6, 'A', '2', 16, 65),
(713, 2090, 2020, 6, 'A', '2', 16, 85),
(714, 2093, 2020, 6, 'A', '2', 16, 65),
(715, 2096, 2020, 6, 'A', '2', 16, 75),
(716, 2099, 2020, 6, 'A', '2', 16, 65),
(717, 2102, 2020, 6, 'A', '2', 16, 85),
(718, 2105, 2020, 6, 'A', '2', 16, 56),
(719, 2109, 2020, 6, 'A', '2', 16, 75),
(720, 2001, 2020, 6, 'B', '2', 16, 65),
(721, 2004, 2020, 6, 'B', '2', 16, 86),
(722, 2007, 2020, 6, 'B', '2', 16, 85),
(723, 2010, 2020, 6, 'B', '2', 16, 96),
(724, 2013, 2020, 6, 'B', '2', 16, 75),
(725, 2016, 2020, 6, 'B', '2', 16, 77),
(726, 2019, 2020, 6, 'B', '2', 16, 70),
(727, 2022, 2020, 6, 'B', '2', 16, 69),
(728, 2025, 2020, 6, 'B', '2', 16, 96),
(729, 2028, 2020, 6, 'B', '2', 16, 75),
(730, 2031, 2020, 6, 'B', '2', 16, 56),
(731, 2034, 2020, 6, 'B', '2', 16, 45),
(732, 2037, 2020, 6, 'B', '2', 16, 32),
(733, 2040, 2020, 6, 'B', '2', 16, 23),
(734, 2043, 2020, 6, 'B', '2', 16, 56),
(735, 2046, 2020, 6, 'B', '2', 16, 56),
(736, 2049, 2020, 6, 'B', '2', 16, 80),
(737, 2052, 2020, 6, 'B', '2', 16, 75),
(738, 1, 2020, 6, 'A', '2', 17, 56),
(739, 3, 2020, 6, 'A', '2', 17, 85),
(740, 1066, 2020, 6, 'A', '2', 17, 85),
(742, 2003, 2020, 6, 'A', '2', 17, 77),
(743, 2006, 2020, 6, 'A', '2', 17, 56),
(744, 2009, 2020, 6, 'A', '2', 17, 55),
(745, 2012, 2020, 6, 'A', '2', 17, 75),
(746, 2015, 2020, 6, 'A', '2', 17, 50),
(747, 2018, 2020, 6, 'A', '2', 17, 66),
(748, 2021, 2020, 6, 'A', '2', 17, 35),
(749, 2024, 2020, 6, 'A', '2', 17, 56),
(750, 2027, 2020, 6, 'A', '2', 17, 77),
(751, 2030, 2020, 6, 'A', '2', 17, 56),
(752, 2033, 2020, 6, 'A', '2', 17, 68),
(753, 2036, 2020, 6, 'A', '2', 17, 69),
(754, 2039, 2020, 6, 'A', '2', 17, 75),
(755, 2042, 2020, 6, 'A', '2', 17, 85),
(756, 2045, 2020, 6, 'A', '2', 17, 80),
(757, 2048, 2020, 6, 'A', '2', 17, 85),
(758, 2051, 2020, 6, 'A', '2', 17, 81),
(759, 2054, 2020, 6, 'A', '2', 17, 75),
(760, 2057, 2020, 6, 'A', '2', 17, 63),
(761, 2060, 2020, 6, 'A', '2', 17, 95),
(762, 2063, 2020, 6, 'A', '2', 17, 82),
(763, 2066, 2020, 6, 'A', '2', 17, 45),
(764, 2069, 2020, 6, 'A', '2', 17, 75),
(765, 2072, 2020, 6, 'A', '2', 17, 65),
(766, 2075, 2020, 6, 'A', '2', 17, 85),
(767, 2078, 2020, 6, 'A', '2', 17, 35),
(768, 2081, 2020, 6, 'A', '2', 17, 75),
(769, 2084, 2020, 6, 'A', '2', 17, 85),
(770, 2087, 2020, 6, 'A', '2', 17, 56),
(771, 2090, 2020, 6, 'A', '2', 17, 46),
(772, 2093, 2020, 6, 'A', '2', 17, 75),
(773, 2096, 2020, 6, 'A', '2', 17, 65),
(774, 2099, 2020, 6, 'A', '2', 17, 56),
(775, 2102, 2020, 6, 'A', '2', 17, 66),
(776, 2105, 2020, 6, 'A', '2', 17, 75),
(777, 2109, 2020, 6, 'A', '2', 17, 88),
(778, 2001, 2020, 6, 'B', '2', 17, 65),
(779, 2004, 2020, 6, 'B', '2', 17, 42),
(780, 2007, 2020, 6, 'B', '2', 17, 65),
(781, 2010, 2020, 6, 'B', '2', 17, 75),
(782, 2013, 2020, 6, 'B', '2', 17, 85),
(783, 2016, 2020, 6, 'B', '2', 17, 56),
(784, 2019, 2020, 6, 'B', '2', 17, 65),
(785, 2022, 2020, 6, 'B', '2', 17, 85),
(786, 2025, 2020, 6, 'B', '2', 17, 56),
(787, 2028, 2020, 6, 'B', '2', 17, 85),
(788, 2031, 2020, 6, 'B', '2', 17, 77),
(789, 2034, 2020, 6, 'B', '2', 17, 65),
(790, 2037, 2020, 6, 'B', '2', 17, 85),
(791, 2040, 2020, 6, 'B', '2', 17, 65),
(792, 2043, 2020, 6, 'B', '2', 17, 88),
(793, 2046, 2020, 6, 'B', '2', 17, 56),
(794, 2049, 2020, 6, 'B', '2', 17, 75),
(795, 2052, 2020, 6, 'B', '2', 17, 65),
(799, 2000, 2020, 6, 'A', '1', 1, 80),
(800, 2003, 2020, 6, 'A', '1', 1, 75),
(801, 2006, 2020, 6, 'A', '1', 1, 70),
(802, 2009, 2020, 6, 'A', '1', 1, 65),
(803, 2012, 2020, 6, 'A', '1', 1, 65),
(804, 2015, 2020, 6, 'A', '1', 1, 85),
(805, 2018, 2020, 6, 'A', '1', 1, 63),
(806, 2021, 2020, 6, 'A', '1', 1, 85),
(807, 2024, 2020, 6, 'A', '1', 1, 75),
(808, 2027, 2020, 6, 'A', '1', 1, 65),
(809, 2030, 2020, 6, 'A', '1', 1, 52),
(810, 2033, 2020, 6, 'A', '1', 1, 50),
(811, 2036, 2020, 6, 'A', '1', 1, 45),
(812, 2039, 2020, 6, 'A', '1', 1, 40),
(813, 2042, 2020, 6, 'A', '1', 1, 41),
(814, 2045, 2020, 6, 'A', '1', 1, 23),
(815, 2048, 2020, 6, 'A', '1', 1, 52),
(816, 2051, 2020, 6, 'A', '1', 1, 45),
(817, 2054, 2020, 6, 'A', '1', 1, 75),
(818, 2057, 2020, 6, 'A', '1', 1, 65),
(819, 2060, 2020, 6, 'A', '1', 1, 85),
(820, 2063, 2020, 6, 'A', '1', 1, 85),
(821, 2066, 2020, 6, 'A', '1', 1, 63),
(822, 2069, 2020, 6, 'A', '1', 1, 75),
(823, 2072, 2020, 6, 'A', '1', 1, 62),
(824, 2075, 2020, 6, 'A', '1', 1, 42),
(825, 2078, 2020, 6, 'A', '1', 1, 44),
(826, 2081, 2020, 6, 'A', '1', 1, 77),
(827, 2084, 2020, 6, 'A', '1', 1, 88),
(828, 2087, 2020, 6, 'A', '1', 1, 92),
(829, 2090, 2020, 6, 'A', '1', 1, 52),
(830, 2093, 2020, 6, 'A', '1', 1, 74),
(831, 2096, 2020, 6, 'A', '1', 1, 75),
(832, 2099, 2020, 6, 'A', '1', 1, 65),
(833, 2102, 2020, 6, 'A', '1', 1, 39),
(834, 2105, 2020, 6, 'A', '1', 1, 85),
(835, 2109, 2020, 6, 'A', '1', 1, 60),
(839, 2000, 2020, 6, 'A', '3', 1, 90),
(840, 2003, 2020, 6, 'A', '3', 1, 75),
(841, 2006, 2020, 6, 'A', '3', 1, 65),
(842, 2009, 2020, 6, 'A', '3', 1, 85),
(843, 2012, 2020, 6, 'A', '3', 1, 56),
(844, 2015, 2020, 6, 'A', '3', 1, 85),
(845, 2018, 2020, 6, 'A', '3', 1, 65),
(846, 2021, 2020, 6, 'A', '3', 1, 75),
(847, 2024, 2020, 6, 'A', '3', 1, 52),
(848, 2027, 2020, 6, 'A', '3', 1, 55),
(849, 2030, 2020, 6, 'A', '3', 1, 65),
(850, 2033, 2020, 6, 'A', '3', 1, 34),
(851, 2036, 2020, 6, 'A', '3', 1, 75),
(852, 2039, 2020, 6, 'A', '3', 1, 63),
(853, 2042, 2020, 6, 'A', '3', 1, 65),
(854, 2045, 2020, 6, 'A', '3', 1, 75),
(855, 2048, 2020, 6, 'A', '3', 1, 85),
(856, 2051, 2020, 6, 'A', '3', 1, 65),
(857, 2054, 2020, 6, 'A', '3', 1, 42),
(858, 2057, 2020, 6, 'A', '3', 1, 85),
(859, 2060, 2020, 6, 'A', '3', 1, 65),
(860, 2063, 2020, 6, 'A', '3', 1, 65),
(861, 2066, 2020, 6, 'A', '3', 1, 75),
(862, 2069, 2020, 6, 'A', '3', 1, 56),
(863, 2072, 2020, 6, 'A', '3', 1, 63),
(864, 2075, 2020, 6, 'A', '3', 1, 84),
(865, 2078, 2020, 6, 'A', '3', 1, 63),
(866, 2081, 2020, 6, 'A', '3', 1, 80),
(867, 2084, 2020, 6, 'A', '3', 1, 74),
(868, 2087, 2020, 6, 'A', '3', 1, 69),
(869, 2090, 2020, 6, 'A', '3', 1, 75),
(870, 2093, 2020, 6, 'A', '3', 1, 63),
(871, 2096, 2020, 6, 'A', '3', 1, 45),
(872, 2099, 2020, 6, 'A', '3', 1, 74),
(873, 2102, 2020, 6, 'A', '3', 1, 85),
(874, 2105, 2020, 6, 'A', '3', 1, 69),
(875, 2109, 2020, 6, 'A', '3', 1, 53),
(876, 2000, 2020, 6, 'A', '3', 2, 93),
(877, 2000, 2020, 6, 'A', '3', 3, 90),
(878, 2000, 2020, 6, 'A', '3', 4, 98),
(879, 2000, 2020, 6, 'A', '3', 5, 96),
(880, 2000, 2020, 6, 'A', '3', 6, 98),
(881, 2000, 2020, 6, 'A', '3', 7, 92),
(882, 2000, 2020, 6, 'A', '3', 9, 89),
(883, 2000, 2020, 6, 'A', '3', 10, 75),
(884, 2000, 2020, 6, 'A', '3', 11, 91),
(885, 2000, 2020, 6, 'A', '3', 12, 82),
(886, 2000, 2020, 6, 'A', '3', 13, 91),
(887, 2000, 2020, 6, 'A', '3', 15, 95),
(888, 2000, 2020, 6, 'A', '3', 16, 88),
(889, 2000, 2020, 6, 'A', '3', 17, 91),
(890, 2000, 2020, 6, 'A', '2', 2, 91),
(891, 2000, 2020, 6, 'A', '2', 3, 90),
(892, 2000, 2020, 6, 'A', '2', 5, 98),
(893, 2000, 2020, 6, 'A', '2', 6, 97),
(894, 2000, 2020, 6, 'A', '2', 7, 91),
(895, 2000, 2020, 6, 'A', '2', 9, 83),
(896, 2000, 2020, 6, 'A', '2', 10, 73),
(897, 2000, 2020, 6, 'A', '2', 11, 90),
(898, 2000, 2020, 6, 'A', '2', 12, 79),
(899, 2000, 2020, 6, 'A', '2', 13, 90),
(900, 2000, 2020, 6, 'A', '2', 15, 90),
(901, 2000, 2020, 6, 'A', '2', 16, 80),
(902, 2000, 2020, 6, 'A', '2', 17, 83),
(903, 2000, 2020, 6, 'A', '1', 2, 85),
(904, 2000, 2020, 6, 'A', '1', 3, 92),
(905, 2000, 2020, 6, 'A', '1', 4, 98),
(906, 2000, 2020, 6, 'A', '1', 5, 95),
(907, 2000, 2020, 6, 'A', '1', 6, 97),
(908, 2000, 2020, 6, 'A', '1', 7, 90),
(909, 2000, 2020, 6, 'A', '1', 9, 80),
(910, 2000, 2020, 6, 'A', '1', 10, 70),
(911, 2000, 2020, 6, 'A', '1', 11, 90),
(912, 2000, 2020, 6, 'A', '1', 12, 78),
(913, 2000, 2020, 6, 'A', '1', 13, 90),
(914, 2000, 2020, 6, 'A', '1', 15, 90),
(915, 2000, 2020, 6, 'A', '1', 16, 82),
(916, 2000, 2020, 6, 'A', '1', 17, 88),
(917, 1000, 2020, 7, 'A', '1', 1, 75),
(918, 1003, 2020, 7, 'A', '1', 1, 45),
(919, 1006, 2020, 7, 'A', '1', 1, 86),
(920, 1009, 2020, 7, 'A', '1', 1, 59),
(921, 1012, 2020, 7, 'A', '1', 1, 59),
(922, 1015, 2020, 7, 'A', '1', 1, 36),
(923, 1018, 2020, 7, 'A', '1', 1, 47),
(924, 1021, 2020, 7, 'A', '1', 1, 95),
(925, 1024, 2020, 7, 'A', '1', 1, 28),
(926, 1027, 2020, 7, 'A', '1', 1, 68),
(927, 1030, 2020, 7, 'A', '1', 1, 63),
(928, 1033, 2020, 7, 'A', '1', 1, 79),
(929, 1036, 2020, 7, 'A', '1', 1, 88),
(930, 1039, 2020, 7, 'A', '1', 1, 52),
(931, 1042, 2020, 7, 'A', '1', 1, 35),
(932, 1045, 2020, 7, 'A', '1', 1, 75),
(933, 1048, 2020, 7, 'A', '1', 1, 67),
(934, 1051, 2020, 7, 'A', '1', 1, 42),
(935, 1054, 2020, 7, 'A', '1', 1, 54),
(936, 1057, 2020, 7, 'A', '1', 1, 65),
(937, 1060, 2020, 7, 'A', '1', 1, 73),
(938, 1063, 2020, 7, 'A', '1', 1, 44),
(939, 1069, 2020, 7, 'A', '1', 1, 29),
(940, 1072, 2020, 7, 'A', '1', 1, 50),
(941, 1075, 2020, 7, 'A', '1', 1, 46),
(942, 1078, 2020, 7, 'A', '1', 1, 66),
(943, 1081, 2020, 7, 'A', '1', 1, 80),
(944, 1084, 2020, 7, 'A', '1', 1, 91),
(945, 1087, 2020, 7, 'A', '1', 1, 40),
(946, 1090, 2020, 7, 'A', '1', 1, 55),
(947, 1093, 2020, 7, 'A', '1', 1, 62),
(948, 1096, 2020, 7, 'A', '1', 1, 53),
(949, 1099, 2020, 7, 'A', '1', 1, 94),
(950, 1102, 2020, 7, 'A', '1', 1, 43),
(951, 1105, 2020, 7, 'A', '1', 1, 71),
(952, 1108, 2020, 7, 'A', '1', 1, 60),
(953, 1111, 2020, 7, 'A', '1', 1, 40),
(954, 1114, 2020, 7, 'A', '1', 1, 82),
(955, 1117, 2020, 7, 'A', '1', 1, 74);

-- --------------------------------------------------------

--
-- Table structure for table `migrations`
--

CREATE TABLE `migrations` (
  `id` int(10) UNSIGNED NOT NULL,
  `migration` varchar(255) COLLATE utf8mb4_unicode_ci NOT NULL,
  `batch` int(11) NOT NULL
) ENGINE=InnoDB DEFAULT CHARSET=utf8mb4 COLLATE=utf8mb4_unicode_ci;

--
-- Dumping data for table `migrations`
--

INSERT INTO `migrations` (`id`, `migration`, `batch`) VALUES
(1, '2020_05_03_054518_create_performances_table', 1),
(2, '2020_05_04_055015_create_class_updates_table', 2),
(3, '2020_05_05_032523_create_cal_marks_table', 3);

-- --------------------------------------------------------

--
-- Table structure for table `news`
--

CREATE TABLE `news` (
  `id` int(11) NOT NULL,
  `picture` varchar(255) DEFAULT 'uploads/default.jpg',
  `topic` varchar(500) DEFAULT NULL,
  `description` varchar(2000) DEFAULT NULL
) ENGINE=InnoDB DEFAULT CHARSET=latin1;

--
-- Dumping data for table `news`
--

INSERT INTO `news` (`id`, `picture`, `topic`, `description`) VALUES
(8, 'uploads/15867618021-file.jpg', 'parents meeting', 'held on 15th march 2015'),
(9, 'uploads/15868323251-file.jpg', 'Sport meet', '2020/10/23'),
(10, 'uploads/15868324591-file.png', 'Compitition', '2020/10/23'),
(11, 'uploads/15868572731-file.jpg', 'Drama', '2020/10/30');

-- --------------------------------------------------------

--
-- Table structure for table `notifications`
--

CREATE TABLE `notifications` (
  `admition_number` varchar(100) DEFAULT NULL,
  `message` varchar(500) NOT NULL,
  `name` varchar(255) DEFAULT NULL,
  `telephone` int(20) DEFAULT NULL,
  `status` varchar(50) NOT NULL DEFAULT 'new',
  `id` int(11) NOT NULL
) ENGINE=InnoDB DEFAULT CHARSET=latin1;

--
-- Dumping data for table `notifications`
--

INSERT INTO `notifications` (`admition_number`, `message`, `name`, `telephone`, `status`, `id`) VALUES
('2542326', 'udygsyfasdgygydfhad', 'kjsdflk', 21536655, 'view', 1),
('21002', 'jgxhgsadcbdabscigdc', 'deyya', 123354456, 'view', 2),
('21002', 'jgxhgsadcbdabscigdc', 'deyya', 123354456, 'view', 3),
('20001', 'earecjnxknkxabsxuoakdbgfugudksssssssssssssssssssssssssssssssssv  fkte;hnrnljnslnfvuufkhbihjibhitjibjtibjijbijibirhjfhjkfefevjefgttfevgfevgefvbhjdbgnkjfdnbjlgklfgbgefjnb\r\ngbkmgkfmbklmgrkebmrmekbgm\r\nbkmgdmbkdblgmblmgrmnuoukjmrejlhgiugimbhfndldbbhkfbndlshunlj uhvjlnv hv uhfkvgyifegv ehjlgbefjbbwrhff8iqjopiyeg83u97289895-297809-/', 'kasun', 714569823, 'view', 5),
('2542326', 'uuhauenfhf', 'uhfuds', 123354456, 'view', 6),
('203', 'i want to change my telephone number', 'sunimal', 112548796, 'view', 8),
('203', 'i want to change my telephone number', 'sunimal', 112548796, 'view', 9);

-- --------------------------------------------------------

--
-- Table structure for table `prefect_forms`
--

CREATE TABLE `prefect_forms` (
  `prefect_form_id` bigint(20) NOT NULL,
  `admission_number` bigint(20) NOT NULL,
  `photo` varchar(255) NOT NULL,
  `sport/activity/club` varchar(500) DEFAULT NULL,
  `post` varchar(200) DEFAULT NULL,
  `extracurricular_activity` varchar(500) DEFAULT NULL,
  `level` varchar(255) DEFAULT NULL
) ENGINE=InnoDB DEFAULT CHARSET=latin1;

-- --------------------------------------------------------

--
-- Table structure for table `roles`
--

CREATE TABLE `roles` (
  `id` bigint(20) NOT NULL,
  `role` varchar(50) NOT NULL
) ENGINE=InnoDB DEFAULT CHARSET=latin1;

--
-- Dumping data for table `roles`
--

INSERT INTO `roles` (`id`, `role`) VALUES
(1, 'Admin'),
(2, 'Principle'),
(3, 'Student'),
(4, 'Teacher'),
(5, 'Class teacher');

-- --------------------------------------------------------

--
-- Table structure for table `students`
--

CREATE TABLE `students` (
  `admission_number` bigint(20) NOT NULL,
  `full_name` varchar(100) NOT NULL,
  `name_with_initials` varchar(100) DEFAULT NULL,
  `dob` date NOT NULL,
  `blood_group` varchar(10) DEFAULT NULL,
  `religion` varchar(50) DEFAULT NULL,
  `nationality` varchar(50) DEFAULT NULL,
  `address` varchar(100) DEFAULT NULL,
  `transport_method` varchar(10) DEFAULT NULL,
  `red_cross_participation` varchar(4) DEFAULT NULL,
  `guiding_participation` varchar(4) DEFAULT NULL,
  `grade_5_scholarship_marks` int(11) DEFAULT NULL,
  `guardian_name` varchar(100) DEFAULT NULL,
  `guardian_tp_number` int(20) DEFAULT NULL,
  `grade` int(11) NOT NULL,
  `class` char(2) NOT NULL,
  `user_id` bigint(20) DEFAULT NULL,
  `id` bigint(20) NOT NULL,
  `gender` varchar(50) NOT NULL
) ENGINE=InnoDB DEFAULT CHARSET=latin1;

--
-- Dumping data for table `students`
--

INSERT INTO `students` (`admission_number`, `full_name`, `name_with_initials`, `dob`, `blood_group`, `religion`, `nationality`, `address`, `transport_method`, `red_cross_participation`, `guiding_participation`, `grade_5_scholarship_marks`, `guardian_name`, `guardian_tp_number`, `grade`, `class`, `user_id`, `id`, `gender`) VALUES
(1, 'kasun pradeep', 'k.pradeep', '2020-04-09', 'A', 'Bud', 'sinhala', '123', 'van', 'no', 'yes', 125, 'piyal', 112547896, 6, 'A', 87, 4, 'male'),
(3, 'kamal perera', 'k.perera', '1981-12-31', 'O+', 'buddhist', 'sinhala', '234', NULL, 'no', NULL, 50, 'kasun', 714857845, 6, 'A', 94, 5, 'male'),
(7, 'ayesha perera', 'a.perera', '2020-07-07', 'B-', 'buddhist', 'sinhala', '234,athidiya', 'van', 'yes', 'no', 29, 'kasun', 714857845, 6, 'H', 97, 6, 'female'),
(1000, 'Rajapaksha Mudiyanselage Aseni Malsha', 'R.M.A.Malsha', '2008-04-06', 'AB-', 'Buddhism', 'Sinhala', 'Beach Rd,Eliyakanda , Mathara', 'Bicycle', 'yes', 'no', 198, 'R.M.Rajapaksha', 710712653, 7, 'A', 170, 65, 'female'),
(1001, 'Umange Wayomi Nuwanthika', 'U.W.Nuwanthika', '2008-12-08', 'B+', 'Christianity', 'Sinhala', '354/12, Main Rd, Beliaththa', 'Train', 'yes', 'yes', 178, 'U.W.Ranaweera', 712368592, 7, 'B', 171, 66, 'female'),
(1002, 'Gampalage Rukshana Gunasekara', 'G.R.Gunasekara', '2009-01-02', 'B+', 'Hinduism', 'Tamil', 'No;57/2 , Wellamadama, Mathara', 'Train', 'no', 'yes', 156, 'G.Gunathilake', 713694582, 7, 'C', 172, 67, 'female'),
(1003, 'Hewa Pathiranage Rukshan Hansaka Karunarathne', 'H.P.R.R.Pathirana', '2008-05-06', 'AB-', 'Buddhism', 'Sinhala', 'Green House, 5/7, Mathara', 'Bicycle', 'yes', 'yes', 156, 'H.P.Ravi', 719637412, 7, 'A', 173, 68, 'male'),
(1004, 'Diyagu Arachchige Nuwanthi Pavithra', 'D.A.N.Pavithra', '2008-08-01', 'B-', 'Buddhism', 'Sinhala', 'No:287,Beach Rd, eliyakanda, Mathara', 'Foot', 'yes', 'no', 110, 'D.A.Karunarathne', 710719872, 7, 'B', 174, 69, 'female'),
(1005, 'Gamage Arachchilage Shanudhri Dilhara', 'G.A.S.Dilhara', '2008-08-06', 'AB-', 'Buddhism', 'Sinhala', 'New home Garden, Nuupe, Mathara', 'School Bus', 'yes', 'yes', 169, 'G.A.Adhikari', 712368594, 7, 'C', 175, 70, 'female'),
(1006, 'Gamage Sepalika Dilhani', 'G.S.Dilhani', '2008-11-09', 'A+', 'Buddhism', 'Sinhala', 'No;20/3, Eliyakanda , Mathara', 'Foot', 'yes', 'yes', 168, 'Swarna Herath', 718989894, 7, 'A', 176, 71, 'female'),
(1007, 'Pathiranage Dinush', 'Dissanayake Mudiyanselage Dinush Awishka', '2008-08-06', 'B+', 'Buddhism', 'Sinhala', 'No:14 , Polhena, Mathara', 'Train', 'yes', 'yes', 175, 'D.M.D.Awishka', 700718953, 7, 'B', 177, 72, 'male'),
(1008, 'Hewa Pathiranage Nuwan Dhananjaya', 'H.P.N.Dhananjaya', '2008-10-06', 'A-', 'Buddhism', 'Sinhala', 'Main Rd, Wellamadama ,Mathara', 'Foot', 'yes', 'no', 146, 'H.P.Kalhara', 713698524, 7, 'C', 178, 73, 'male'),
(1009, 'Imihami Mudiyanselage Nadeeka KUmudhuni', 'I.M.N.Kumari', '2008-08-06', 'B+', 'Buddhism', 'Sinhala', '\"Kumudhu House\", Main Rd, Dikwella', 'Bus', 'yes', 'no', 157, 'I.M.Chathur', 710710001, 7, 'A', 179, 74, 'female'),
(1010, 'Diyagu Arachchige  Nirwan Numesh', 'D.A.N.Numesh', '2008-11-02', 'A+', 'Buddhism', 'Sinhala', 'No:56/2 , Beach Rd, Mathara', 'Bicycle', 'no', 'yes', 195, 'D.A.Dinesh', 728951473, 7, 'B', 180, 75, 'male'),
(1011, 'Wrnakula Sooriyage Nadeeka Warnakulasooriya', 'W.S.N.Warnakulasooriya', '2008-08-06', 'B-', 'Buddhism', 'Sinhala', 'Temple Rd, Dikwella', 'School Bus', 'yes', 'no', 189, 'H.P.Hemamali', 752383259, 7, 'C', 181, 76, 'female'),
(1012, 'Diyagu Arachchige Nadeesha Karunarathne', 'D.A.N.Karunarathne', '2008-08-06', 'B+', 'Buddhism', 'Sinhala', 'Rahula Mawatha, Mathara', 'Foot', 'no', 'yes', 142, 'H.P.Kumudhuni', 728989203, 7, 'A', 182, 77, 'female'),
(1013, 'Kuruppu Arachchige Mayura Dilshan', 'K.A.M.Dilshan', '2008-12-02', 'O+', 'Buddhism', 'Sinhala', '\"Mayura house\", Beach Rd, Mathara', 'Bicycle', 'yes', 'yes', 167, 'K.A.Krishantha', 762323561, 7, 'B', 183, 78, 'male'),
(1014, 'Munasinghe Arachchige Gihan Lakshitha', 'M.A.G.Lakshitha', '2008-04-10', 'O+', 'Buddhism', 'Sinhala', '\"Malvila House\" , Temple Rd. Dondra', 'Bus', 'yes', 'yes', 171, 'M.A.Munasinghe', 711431432, 7, 'C', 184, 79, 'male'),
(1015, 'Gamage Awantha Pradeep', 'G.A.Pradeep', '2008-11-03', 'B-', 'Christianity', 'Sinhala', 'No:23/8 , Main Rd, Beliaththa', 'Train', 'yes', 'yes', 132, 'G.Sepali', 720726932, 7, 'A', 185, 80, 'male'),
(1016, 'Irugal Bandaralage Tharindhu Asela', 'I.B.T.Asela', '2008-08-06', 'B-', 'Buddhism', 'Sinhala', 'Nuupe, Mathara', 'School Bus', 'yes', 'no', 175, 'I.B.Thakshila', 752323000, 7, 'B', 186, 81, 'male'),
(1017, 'Thimira Selwanayagam', 'T.Selwanayagam', '2008-05-06', 'B-', 'Hinduism', 'Tamil', 'No:34/1 , New House, Beliaththa', 'Bicycle', 'yes', 'yes', 159, 'G.R.T.AMILA', 711231479, 7, 'C', 187, 82, 'male'),
(1018, 'Wasala Arachchige Kushalya Mihirangani Wasala', 'W.A.K.M.Wasala', '2008-12-06', 'B+', 'Buddhism', 'Sinhala', 'No:172, Ipalogama, Maho', 'Foot', 'yes', 'yes', 189, 'Kusum Rathnamalala', 702691458, 7, 'A', 188, 83, 'female'),
(1019, 'Kesarani Deepashika', 'K.Deepashika', '2008-05-06', 'B+', 'Buddhism', 'Sinhala', 'Beach Rd, Eliyakanda , Mathara', 'School Bus', 'yes', 'yes', 159, 'D.Gunasekara', 712365892, 7, 'B', 189, 84, 'female'),
(1020, 'Hewa Pathiranage Mithma Maheshika', 'H.P.M.Maheshika', '2008-08-06', 'A+', 'Buddhism', 'Sinhala', 'Wellamadama, Mathra', 'School Bus', 'no', 'no', 187, 'Malani Perera', 715987784, 7, 'C', 190, 85, 'female'),
(1021, 'Gunathilaka Arachchige Kelum Senaka', 'G.A.K.Senaka', '2008-05-06', 'B-', 'Buddhism', 'Sinhala', '\"Shan vila\", eliyakanda <mathara', 'Bicycle', 'yes', 'no', 189, 'Kasun Kalhara', 715656789, 7, 'A', 191, 86, 'male'),
(1022, 'Gamoalage Pubudhu Chathuranga', 'G.P.Chathuranga', '2008-04-06', 'B+', 'Buddhism', 'Sinhala', 'No:5/89 , Main Rd, Mathara', 'Foot', 'no', 'no', 189, 'G.Mihira', 715628965, 7, 'B', 192, 87, 'male'),
(1023, 'Sooriyapalage Milina Chathuranga', 'S.M.Chathuranga', '2009-01-10', 'B+', 'Buddhism', 'Sinhala', 'Temple Rd, Nuupe, Mathara', 'School Bus', 'no', 'yes', NULL, 'S.Chandrasena', 712362589, 7, 'C', 193, 88, 'male'),
(1024, 'Dissanayake Mudiyanselage Akash Adhithya', 'D.M.A.Adhithya', '2008-08-06', 'O+', 'Christianity', 'Sinhala', 'Beach Rd, Eliyakanda , Mathara', 'Bicycle', 'yes', 'yes', 159, 'D.M.Herath', 710710714, 7, 'A', 195, 90, 'male'),
(1025, 'Gonagamage Pavithra Hansani', 'G.P.Hansani', '2008-05-06', 'AB', 'Buddhism', 'Sinhala', 'No:10, Temple Rd, Mathara', 'Foot', 'yes', 'no', 197, 'G.Gunapala', 714892589, 7, 'B', 196, 91, 'female'),
(1026, 'Suuriya Arachchilage Pamudhi Dilhara', 'S.A.P.Dilhara', '2008-05-10', 'AB-', 'Buddhism', 'Sinhala', 'Suuriyagaha Gedara, Temple Rd, Beliaththa', 'Train', 'yes', 'yes', 156, 'S.A.Chathura', 710750701, 7, 'C', 197, 92, 'female'),
(1027, 'Wijesinghe Ralage Pramodha Lakshani', 'W.R.P.Lakshani', '2008-08-06', 'AB', 'Buddhism', 'Sinhala', 'Green Garden Rd, Mathara', 'Foot', 'yes', 'yes', 75, 'Harshani Wasala', 714562589, 7, 'A', 198, 93, 'female'),
(1028, 'Kuruppu Arachchilage Udhula Kalhara', 'K.A.U.Kalhara', '2008-09-02', 'B-', 'Christianity', 'Sinhala', 'No:34/A , Rahula , Mathara', 'Bicycle', 'yes', 'yes', 154, 'K.Karunathilake', 712312315, 7, 'B', 199, 94, 'male'),
(1029, 'Gampalage Vinula Ransilu', 'G.V.Ransilu', '2008-08-06', 'AB-', 'Buddhism', 'Sinhala', 'Ground Rd, Eliyakanda,Mathara', 'Bus', 'yes', 'no', 175, 'G.Geethma', 777771234, 7, 'C', 200, 95, 'male'),
(1030, 'Rathnamalala  Irugal Bandaralage Vinuli Radhinsa', 'R.I.B.V.Radhinsa', '2008-08-06', 'AB', 'Buddhism', 'Sinhala', 'No:56/B, Rahula Mawatha,Mathara', 'Bus', 'no', 'no', 158, 'Sudhrma Kumari', 718889997, 7, 'A', 202, 97, 'female'),
(1033, 'Senanayake Mudiyanselage Varsha Sithumi', 'S.M.V.Sithumi', '2008-05-06', 'A+', 'Buddhism', 'Sinhala', 'Ihalagama Rd, Mathara', 'Bicycle', 'no', 'yes', 189, 'S.M.Supun', 701112224, 7, 'A', 203, 98, 'female'),
(1036, 'Hettiarachchige Senali Fonseka', 'H.S.Fonseka', '2008-08-06', 'A+', 'Christianity', 'Sinhala', '\"Mahindha House\", Main Street, Mathara', 'School Bus', 'no', 'no', 184, 'H.Athula Fonseka', 725556669, 7, 'A', 204, 99, 'female'),
(1039, 'Gonagama Adhikarige Seumini', 'G.A.Seumini', '2008-08-06', 'AB', 'Christianity', 'Sinhala', 'Main Street, Nuupe,Mathara', 'Bicycle', 'yes', 'yes', 158, 'G.R.T.Sethma', 762323500, 7, 'A', 205, 100, 'female'),
(1042, 'Gampalage Sithum Imalka', 'G.S.Imalka', '2008-08-06', 'AB-', 'Buddhism', 'Sinhala', 'Main Street, Mathara', 'Bicycle', 'yes', 'no', 172, 'Malsha Gamage', 728889995, 7, 'A', 206, 101, 'male'),
(1045, 'Gampalage Adheesha Seumini', 'G.A.Seumini', '2008-04-06', 'AB-', 'Buddhism', 'Sinhala', 'No:10, Temple Rd, Mathara', 'Bus', 'yes', 'yes', 187, 'Tharuka De Silva', 720003232, 7, 'A', 207, 102, 'female'),
(1048, 'Wanni Arachchige Sethuni Imalka', 'W.A..S.Imalka', '2008-08-06', 'A+', 'Christianity', 'Sinhala', 'No:23/C , Beliaththa', 'Train', 'yes', 'yes', 178, 'Priyantha Kumara', 412369875, 7, 'A', 208, 103, 'female'),
(1051, 'Malvila Arachchige Thisumi Radhinsa Malvila', 'M.A.T.R.Malvila', '2008-08-06', 'A+', 'Buddhism', 'Sinhala', 'Eliyakanda Junction, Mathara', 'Foot', 'yes', 'yes', 172, 'M.A.Shan Malvila', 752323555, 7, 'A', 209, 104, 'female'),
(1054, 'Hewa Pathiranage Nesadhi Chaya', 'H.P.N.Chaya', '2008-08-06', 'O+', 'Christianity', 'Sinhala', 'No:28.B, Beach Rd, Mathara', 'Foot', 'no', 'no', 156, 'H.P.Karunathilake', 751231236, 7, 'A', 210, 105, 'female'),
(1057, 'Diyagu Arachchige Vinuli Mahima', 'D.A.V.Mahima', '2008-12-02', 'O-', 'Buddhism', 'Sinhala', 'Main Street, Mathara', 'School Bus', 'yes', 'yes', 134, 'D.A.Rajapaksha', 729637415, 7, 'A', 211, 106, 'female'),
(1060, 'Ranasinghe Arachchige Reshma Ranasinghe', 'R.A.R.Ranasinghe', '2008-05-07', 'O-', 'Buddhism', 'Sinhala', 'No:152, Mahakoonwewa, Beliaththa', 'Train', 'no', 'no', 102, 'R.A.Kavindhu Ranasinghe', 701237894, 7, 'A', 212, 107, 'female'),
(1063, 'Kasthuri Arachchige Akasha Pradeep', 'K.A.A.Pradeep', '2008-08-06', 'A+', 'Buddhism', 'Sinhala', 'Main Rd, Beliaththa', 'Train', 'no', 'no', 90, 'K.A.Ransilu', 412369800, 7, 'A', 213, 108, 'male'),
(1066, 'Dilka Geethmi Fonseka', 'D.G.Fonseka', '2008-07-07', 'B-', 'Buddhism', 'Sinhala', 'Main Street, Mathara', 'School Bus', 'no', 'yes', 149, 'Gayan Fonseka', 778255333, 6, 'A', 214, 109, 'female'),
(1069, 'Diyagu Arachchige  Abhi Lakshan', 'D.A.A.Lakshan', '2008-08-06', 'A-', 'Buddhism', 'sinhala', 'No:34/a, New House, Beliaththa', 'Bicycle', 'yes', NULL, 157, 'D.A.Lavan Rajapaksha', 714987799, 7, 'A', 216, 111, 'male'),
(1072, 'Wanasinghe Ralage Lihini Prarthana', 'W.R.L.Prarthana', '2008-08-06', 'AB-', 'Buddhism', 'sinhala', 'No:45/c , Rahula mawatha, Mathara', 'Bus', 'yes', 'yes', 165, 'W.R.Ranasingha', 714545455, 7, 'A', 217, 112, 'female'),
(1075, 'Rajapakshage Sunimal Hansaka Rajapaksha', 'R.S.H.Rajapaksha', '2008-04-10', 'B-', 'Buddhism', 'sinhala', 'No:102,Main Street, Mathara', 'School Bus', 'no', 'yes', 168, 'R.Ranaweera', 751497826, 7, 'A', 218, 113, 'male'),
(1078, 'Manathunga Arachchige Jayani Samanthika', 'M.A.J. Samanthika', '2008-11-06', 'A+', 'Hinduism', 'Tamil', 'Beach Rd, Eliyakanda, Mathara', 'Foot', 'no', 'yes', 185, 'Nirmala Manathunga', 753697582, 7, 'A', 219, 114, 'female'),
(1081, 'Umange Ashen Ransilu', 'U.A.Ransilu', '2008-08-06', 'A-', 'Buddhism', 'sinhala', 'No:23, Temple Rd, Beliaththa', 'Train', 'yes', 'yes', 167, 'U.Anupama', 759873695, 7, 'A', 220, 115, 'male'),
(1084, 'Hettiarachchige Tharuki perera', 'H.T.Perera', '2008-10-15', 'B-', 'Buddhism', 'sinhala', 'Ihalagama Rd, Beliaththa', 'Train', 'yes', 'yes', 124, 'H.Namal Perera', 719827539, 7, 'A', 221, 116, 'female'),
(1087, 'Gamage Arachchilage Imasha Idhuni Gampala', 'G.A.I.I.Gampala', '2008-08-07', 'A+', 'Buddhism', 'sinhala', 'No:5, Beach rd,Mathara', 'Bus', 'yes', 'yes', 170, 'G.A.Asitha Gampala', 719637852, 7, 'A', 222, 117, 'female'),
(1090, 'Hewa Pathiranage Geethma Sandhamali', 'H.P.G.Sandhamali', '2008-01-10', 'B-', 'Buddhism', 'sinhala', 'No:90, Kwkanadhura Rd, Mathara', 'Foot', 'yes', 'no', 185, 'H.P.Jayantha', 705823691, 7, 'A', 223, 118, 'female'),
(1093, 'Suuriya Wewa Arachchige Sahan Indhuwara', 'S.W.A.S.Indhuwara', '2008-08-10', 'A+', 'Buddhism', 'sinhala', 'No:01/5, Suuriyawewa ,Mathara', 'School Bus', 'yes', 'no', 143, 'S.W.A.Sumith', 758654289, 7, 'A', 224, 119, 'female'),
(1096, 'Manathunga Pereralage Chalini Silva', 'M.P.C.Silva', '2008-05-07', 'A-', 'Buddhism', 'sinhala', 'Beach Rd, Thangalla', 'Bus', 'yes', 'yes', 120, 'M.P.C.M.Silva', 729514789, 7, 'A', 225, 120, 'female'),
(1099, 'Diyagu Arachchige Aliya Perera', 'D.A.A.Perera', '2008-08-07', 'AB-', 'Buddhism', 'sinhala', 'N0:20A, Temple Rd, Beliaththa', 'Bus', 'yes', 'no', 129, 'D.A.Athula Perera', 709637521, 7, 'A', 226, 121, 'female'),
(1102, 'Senanayake Mudiyanselage Amidhu Lakmal', 'S.M.A.Lakmal', '2008-12-07', 'AB', 'Buddhism', 'sinhala', 'Eliyakanda , Mathara', 'Foot', 'yes', 'yes', 140, 'S.M.Chamara', 416958724, 7, 'A', 227, 122, 'male'),
(1105, 'Dissanayake Mudiyanselage Dilsha Dissanayake', 'D.M.D.Dissanayake', '2008-11-11', 'AB', 'Buddhism', 'sinhala', 'Beach Rd, Eliyakanda, Mathara', 'Bus', 'yes', 'no', 180, 'D.M.Bandhula Dissanayake', 713698725, 7, 'A', 228, 123, 'female'),
(1108, 'Gampalage Thiwanka Dhilru Perera', 'G.T.D.Perera', '2008-04-26', 'AB', 'Buddhism', 'sinhala', 'Main Rd, Beliaththa, mathara', 'School Bus', 'yes', 'no', 100, 'G.Thilina Perera', 713698521, 7, 'A', 229, 124, 'male'),
(1111, 'Diyagu Arachchige  Mihindhu Karunarathne', 'D.A.M.Karunarathne', '2008-12-07', 'AB-', 'Buddhism', 'sinhala', '\"Mahindhu House\", Main Street, Mathara', 'Bicycle', 'yes', 'yes', 180, 'D.A.Upul Shantha', 419632579, 7, 'A', 230, 125, 'male'),
(1114, 'Yanura Abhises Silva', 'Y.A.Silva', '2008-05-11', 'A+', 'Christianity', 'sinhala', 'Y junction, Nilwella Rd, Mathara', 'School Bus', 'yes', 'no', 130, 'Yohan Silva', 726987521, 7, 'A', 231, 126, 'male'),
(1117, 'Malvila Arachchige Yomali Malvila', 'M.A.Y.Malvila', '2008-11-07', 'AB-', 'Buddhism', 'sinhala', 'No:9, Main Street, Dhikwella', 'Bus', 'yes', 'no', 142, 'Amali Ariyawansha', 703697890, 7, 'A', 232, 127, 'female'),
(2000, 'Diyagu Arachchige Thanuja Hansamali', 'D.A.Thanuja Hansamali', '2009-03-14', 'A-', 'Buddhism', 'Sinhala', 'Ipalogama,Maho', 'Bus', 'yes', 'no', 165, 'D.A.Karunarathne', 716530125, 6, 'A', 105, 7, 'female'),
(2001, 'Dissanayake Mudiyanselage Deuni Imalka', 'D.M.Deuni Imalka', '2009-05-15', 'AB', 'Buddhism', 'Sinhala', 'No:1, Temple Rd, Mathara', 'Bus', 'yes', 'yes', 167, 'D.M.Dissanayake', 714565789, 6, 'B', 106, 8, 'female'),
(2002, 'Hewa Pathiranage Kalani Anupama', 'H.P.Kalani Anupama', '2009-09-20', 'A+', 'Buddhism', 'Sinhala', 'Koonwewa, Maho', 'School Bus', 'no', 'yes', 186, 'H.P.Karunarathne', 756709125, 6, 'C', 107, 9, 'female'),
(2003, 'Rathnayake Mudiyanselage Kalana Chamara', 'R.M.Kalana Chamara', '2009-09-22', 'O-', 'Sinhala', 'Sinhala', 'Kumbukwewa,Kurunegala', 'Bus', 'no', 'no', 189, 'R.M.Rathnayake', 710098907, 6, 'A', 108, 10, 'male'),
(2004, 'Nadeeka Erandhathi Madhana', 'N.E.Madhana', '2009-11-14', 'A+', 'Buddhism', 'Sinhala', 'No:167, Yapahuwa,Maho', 'Bus', 'yes', 'yes', 145, 'Aruna Madhana', 725642083, 6, 'B', 109, 11, 'female'),
(2005, 'Rathnamalala  Irugal Bandaralage Chalana Pradeep', 'R.I.B.Chalana Pradeep', '2009-01-19', 'B+', 'Buddhism', 'Sinhala', '\"Shanthawasa\", Temple Rd, Maho', 'School Bus', 'no', 'no', 191, 'R.I.B.Rathnamalala', 714987767, 6, 'C', 110, 12, 'male'),
(2006, 'Umange Chathura Pradeep', 'U.Chathura Pradeep', '2009-11-21', 'A+', 'Buddhism', 'Sinhala', 'Yapahuwa,Temple Rd, Maho', 'Bus', 'yes', 'no', 123, 'Chamila Herath', 719898000, 6, 'A', 111, 13, 'male'),
(2007, 'Niwarthana Gayathree Nandasiri', 'N.G.Nandasiri', '2009-07-18', 'B-', 'Buddhism', 'Sinhala', '259,Dediwala,Waskaduwa', 'Foot', 'yes', 'yes', 187, 'Nandasiri', 710775118, 6, 'B', 113, 15, 'female'),
(2008, 'Gayathree Hasara Senarathne', 'G.H.Senarathne', '2009-07-18', 'A-', 'Buddhism', 'Sinhala', 'No:59, Kandawaththa,Uggalbada', 'Bus', 'yes', 'yes', 156, 'Aruna Senarathne', 778892567, 6, 'C', 114, 16, 'female'),
(2009, 'Gampalage Rashanthi Thakshila', 'G.R.Thakshila', '2009-06-18', 'B+', 'Buddhism', 'Sinhala', '302C, Andaragaha Rd, Panadura', 'Bus', 'yes', 'yes', 146, 'G.R.T.Fonseka', 714987788, 6, 'A', 115, 17, 'female'),
(2010, 'Diyagu Arachchige Nuwan Karunarathne', 'D.A.Nuwan Karunarathne', '2009-05-19', 'AB-', 'Buddhism', 'Sinhala', 'NO;567, Kakirikanda rd, Kurunegala', 'School Bus', 'no', 'no', 101, 'D.A.Karunarathne', 778233556, 6, 'B', 116, 18, 'male'),
(2011, 'Hewa Pathiranage Sasini Nikeshala', 'H.P.Sasini Nikeshala', '2009-09-14', 'O+', 'Buddhism', 'Sinhala', 'Mahakoonwewa, Maho', 'School Bus', 'yes', 'yes', 189, 'H.P.Kusumawathi', 714949784, 6, 'C', 117, 19, 'female'),
(2012, 'Imihami Mudiyanselage Chathumari Hasini', 'I.M.C.Hasini', '2009-07-18', 'O+', 'Buddhism', 'Sinhala', 'Post Office Rd, Kadubadagama, Nagollagama.', 'School Bus', 'yes', 'yes', 123, 'I.M.Karunathilake', 754987784, 6, 'A', 118, 20, 'female'),
(2013, 'Dissanayake Mudiyanselage Saranga Dissanayake', 'D.M.S.Dissanayake', '2009-04-04', 'B-', 'Buddhism', 'Sinhala', 'No:42 ,TB Jayamawatha , Colombo 10', 'Foot', 'yes', 'no', 167, 'D.M.Herath', 718233555, 6, 'B', 119, 21, 'male'),
(2014, 'Samantha Jayasundara', 'S.Jayasundara', '2010-01-06', 'B-', 'Hinduism', 'Tamil', 'Wathupalagama,Maho', 'School Bus', 'no', 'yes', 190, 'Jayasundara', 758233556, 6, 'C', 120, 22, 'male'),
(2015, 'Hewa Pathiranage Chaya Sandamali', 'H.P.Chaya Sandamali', '2009-10-17', 'O+', 'Buddhism', 'Sinhala', '267/1, Ibbagamuwa,Karuealagedara', 'School Bus', 'no', 'yes', 178, 'Pathirana', 718256999, 6, 'A', 121, 23, 'female'),
(2016, 'Irugal Bandaralage Lakshan Chamara', 'I.B.Lakshan Chamara', '2009-07-18', 'O+', 'Buddhism', 'Sinhala', 'Kaduru Kumbura, Kurunagala', 'School Bus', 'yes', 'no', 145, 'I.B.Ranathunga', 758989121, 6, 'B', 122, 24, 'male'),
(2017, 'Amarasinghe Arachchige Lakmal Sandaruwan', 'A.A.L.Sandaruwan', '2009-07-18', 'A-', 'Buddhism', 'Sinhala', 'No;107, Melagama, Wadduwa', 'School Bus', 'yes', NULL, 99, 'A.A.Lalith', 714545899, 6, 'C', 125, 26, 'male'),
(2018, 'Rathnamalala Irugal Bandaralage Mahesh Sampath Rathnamalala', 'R.I.B.Mahesh Sampath Rathnamalala', '2009-09-21', 'B-', 'Buddhism', 'Sinhala', 'Ihalagama, Ambanpola', 'Foot', 'yes', 'yes', 189, 'R.I.B.Shantha Kumara', 712579831, 6, 'A', 126, 27, 'male'),
(2019, 'Adikari Mudiyanselage Nimesh Sampath', 'A.M.Nimesh Sampath', '2009-07-23', 'AB', 'Buddhism', 'Sinhala', 'Nugawela Rd, Gampola', 'Foot', 'yes', 'yes', 170, 'Thamara Kumari', 715654231, 6, 'B', 127, 28, 'male'),
(2020, 'Adhikarige Ayeshi Sathsarani', 'A.A.Sathsarani', '2009-07-19', 'AB', 'Buddhism', 'Sinhala', 'no:900, Main street ,Nuupe,Mathara', 'School Bus', 'yes', 'no', 157, 'R.I.B.Rathnamalala', 717812345, 6, 'C', 129, 30, 'female'),
(2021, 'Uda Walauwe Mahen Vimukthi', 'U.W.M.Vimukthi', '2009-05-19', 'O+', 'Buddhism', 'Sinhala', 'No:79/2, Rahula, Mathara', 'Bus', 'yes', NULL, 187, 'U.W.Weerasinghe', 713257895, 6, 'A', 128, 29, 'male'),
(2022, 'Ranasinghe Pathirajalage Idunil Nimantha', 'R.P.I.Nimantha', '2009-11-22', 'B-', 'Buddhism', 'Sinhala', 'No;10, Ihalawaththa, Mathara', 'Foot', 'no', 'yes', 145, 'R.P.Ranasinghe', 713697215, 6, 'B', 130, 31, 'male'),
(2023, 'Umange Tohaj', 'U.Tohaj', '2009-08-19', 'O+', 'Buddhism', 'Sinhala', 'Temple Rd, Kakanadura,Mathara', 'Bus', 'yes', 'yes', 198, 'U.Rathnasiri', 713697521, 6, 'C', 131, 32, 'male'),
(2024, 'Amarasinghe Mudalige Chamara Prabath', 'A.M.C.Prabath', '2009-07-19', 'AB-', 'Buddhism', 'Sinhala', 'No:32, Araliyawaththa, Mathara', 'Bicycle', 'yes', 'yes', 156, 'A.M.Amarathunga', 713654789, 6, 'A', 132, 33, 'male'),
(2025, 'Ajith Selwanayagam', 'A.Selwanayagam', '2009-07-19', 'AB-', 'Hindu', 'Tamil', 'No:567, Rahula,Mathara', 'Bicycle', 'yes', 'no', 178, 'Rajini Selwanayagam', 712365789, 6, 'B', 133, 34, 'male'),
(2026, 'Hewa Pathiranage Sithija Ransilu', 'H.P.S.Ransilu', '2009-07-19', 'B+', 'Buddhism', 'Sinhala', '354/12, Main Rd, Mathara', 'Foot', 'yes', 'no', 178, 'H.P.Sunil', 713698745, 6, 'C', 134, 35, 'male'),
(2027, 'Mapa Ralage Nirosha Charuni', 'M.R.N.Charuni', '2009-07-19', 'A-', 'Buddhism', 'Sinhala', 'No:567, Nugawela Junction,Mathara', 'Bus', 'no', 'yes', 156, 'M.R.Karunathilake', 713247859, 6, 'A', 135, 36, 'female'),
(2028, 'Kariyawasam Pathiranage Nipuni Wasana', 'K.P.N.Wasana', '2009-07-19', 'A+', 'Buddhism', 'Sinhala', '563/2C, Temple Rd, Mathara', 'School Bus', 'yes', 'yes', 149, 'K.P.Kariyawasam', 713178954, 6, 'B', 136, 37, 'female'),
(2029, 'Rupasinghe Jayawardhana Mudiyanselage Nimsara Kalpani Ruupasinghe', 'R.J.M.N.K.Ruupasinghe', '2009-07-19', 'B+', 'Buddhism', 'Sinhala', 'Mihindu Mawatha, Nuupe, Mathara', 'Bicycle', 'yes', 'no', 150, 'R.J.M.Ruupasinghe', 713621758, 6, 'C', 137, 38, 'female'),
(2030, 'Kurukula Sooriyage Akhila Dilshan', 'K.S.A.Dilshan', '2009-03-22', 'B+', 'Buddhism', 'Sinhala', 'Daladahama,Maho', 'Bicycle', 'yes', 'yes', 150, 'K.S.Anil', 712753951, 6, 'A', 138, 39, 'male'),
(2031, 'Hettiarachchi Gamage Dilan Hansajith', 'H.G.D.Hansajith', '2009-04-19', 'B+', 'Buddhism', 'Sinhala', 'Sunil Niwasa,Temple Rd, Mathara', 'Foot', 'yes', 'no', 186, 'H.G.Dammika', 713759821, 6, 'B', 139, 40, 'male'),
(2032, 'Uda Walauwe Sewantha Sudeera', 'U.W.S.Sudeera', '2009-07-19', 'B+', 'Buddhism', 'Sinhala', 'No:168,Nagoda Rd, Maho', 'Bicycle', 'no', 'yes', 103, 'U.W.Sunimal', 713697412, 6, 'C', 140, 41, 'male'),
(2033, 'Herath Mudiyanselage Dumidu Sathsara', 'H.M.D.Sathsara', '2009-07-19', 'A+', 'Buddhism', 'Sinhala', 'Kadurukumbura,Pothuhera,Kurunegala', 'Foot', 'yes', 'no', 186, 'H.M.Candrasena', 713753852, 6, 'A', 141, 42, 'male'),
(2034, 'Imihami Mudalige Anupama Dilhara', 'I.M.A.Dilhara', '2009-03-19', 'B-', 'Buddhism', 'Sinhala', '7A, Namal Uyana,Mathara', 'Foot', 'yes', 'yes', 189, 'I.M.Karunathilake', 713456285, 6, 'B', 142, 43, 'male'),
(2035, 'Narangoda Arachchilage Thisara Chamara', 'N.A.T.Chamara', '2009-07-19', 'B-', 'Buddhism', 'Sinhala', 'No:47B ,Kohilagedara, Mathara', 'Foot', 'yes', 'no', 168, 'N.A.Marasinghe', 712642597, 6, 'C', 143, 44, 'male'),
(2036, 'Narangoda Liyanage Sunanda Idunul', 'N.L.S.Idunila', '2009-07-19', 'AB-', 'Buddhism', 'Sinhala', 'No:167, Shantha Niwasa, Daladagama, Maho', 'Foot', 'yes', 'no', 168, 'N.L.Karunarathne', 713759214, 6, 'A', 144, 45, 'male'),
(2037, 'Hewa Mudiyanselage Nadun Dilrik', 'H.M.N.Dilruk', '2009-07-06', 'AB', 'Buddhism', 'Sinhala', 'Moragolla ,Ambanpola,Maho', 'Bicycle', 'yes', 'yes', 135, 'H.M.Chandrasena', 713147952, 6, 'B', 145, 46, 'male'),
(2038, 'Diyangu Arachchige Thusitha Chamara', 'D.A.T.Chamara', '2009-07-19', 'AB', 'Buddhism', 'Sinhala', 'No:168,Nagoda Rd, Mahara', 'Foot', 'yes', 'no', 156, 'D.A.Karunarathne', 715987423, 6, 'C', 146, 47, 'male'),
(2039, 'Hettiarachchi Gamage Sanuka', 'H.G.Sanuka', '2009-07-19', 'AB', 'Buddhism', 'Sinhala', 'Kohila Kumbura,Kuranugala', 'Bicycle', 'yes', 'no', 176, 'H.G.Karunathilaka', 713259745, 6, 'A', 147, 48, 'male'),
(2040, 'Senanayake Mudiyanselage Sahansa Lakmal', 'S.M.S.Lakmal', '2009-07-19', 'B+', 'Buddhism', 'Sinhala', 'NUgawela Janction,Daladagama.', 'Bus', 'yes', 'yes', 168, 'S.M.S.Samarathunga', 712698456, 6, 'B', 148, 49, 'male'),
(2041, 'Kuruppuge Laknath Minula', 'K.L.Minula', '2009-06-19', 'AB', 'Buddhism', 'Sinhala', 'jayagath Mawatha,Kurunegala', 'Bus', 'yes', 'yes', 167, 'K.L.Kuruppu', 715697268, 6, 'C', 149, 50, 'male'),
(2042, 'Diyagu Arachchige Ashan Chamikara', 'D.A.A.Chamikara', '2019-07-19', 'B-', 'Buddhism', 'Sinhala', '35/5, Daladagama,Maho', 'Bicycle', 'yes', 'yes', 167, 'D.D.Karunarathne', 719278643, 6, 'A', 150, 51, 'male'),
(2043, 'Rajapaksha Mudiyanselage Onitha Sathsara', 'R.M.O.Sathsara', '2009-03-19', 'B+', 'Buddhism', 'Sinhala', 'No;15, Temple Rd. Mathara', 'Bicycle', 'yes', 'yes', 156, 'R.M.Karunawathi', 715698742, 6, 'B', 151, 52, 'male'),
(2044, 'Gampalage Dilmi Wasundara', 'G.D.Wasundara', '2009-07-19', 'AB-', 'Buddhism', 'Sinhala', 'Temple Rd,Mathara', 'Bicycle', 'yes', 'no', 157, 'Kusum Rathnamalala', 713597186, 6, 'C', 152, 53, 'female'),
(2045, 'Umange Rashanthi Anuradha', 'U.R.Anuradha', '2009-02-19', 'A+', 'Buddhism', 'Sinhala', '872/3, Main Rd,Mathara', 'Bus', 'yes', 'yes', 193, 'Idunil Gamage', 716479258, 6, 'A', 153, 54, 'female'),
(2046, 'Abesinghe Ralage Harshani Nimesha', 'A.R.H.Nimesha', '2009-07-19', 'O-', 'Buddhism', 'Sinhala', 'Araliya Uyana,Mathara', 'Bus', 'yes', 'no', 169, 'A.R.Abeysinghe', 712479318, 6, 'B', 154, 55, 'female'),
(2047, 'Herath Mudiyanselage Mekala Chamini', 'H.M.M.Chamini', '2009-03-23', 'AB-', 'Buddhism', 'Sinhala', 'Main Street, Nuupe,Mathara', 'Bus', 'no', 'no', 176, 'Kumudhu Kumari', 715972348, 6, 'C', 155, 56, 'female'),
(2048, 'Rathnamalala Arachchige Sulochani Ishara', 'R.A.S.Ishara', '2009-07-19', 'AB', 'Buddhism', 'Sinhala', 'No:4, Wellamadama,Mathara', 'Foot', 'yes', NULL, 156, 'R.A.Namal', 718219726, 6, 'A', 156, 57, 'female'),
(2049, 'Gampala Arachchige Hansaka', 'G.A.Hansaka', '2009-07-19', 'AB-', 'Buddhism', 'Sinhala', 'No:09, Temple Rd, Mathara', 'Bicycle', 'yes', 'yes', 167, 'G.Kamal', 719257257, 6, 'B', 157, 58, 'male'),
(2050, 'Dewni Ishara Kariyawasam', 'D.A.Kariyawasam', '2009-07-19', 'B+', 'Buddhism', 'Sinhala', 'No:15, Wakwella,Hapugala', 'Bicycle', 'yes', 'yes', 189, 'Karunathilake', 715987149, 6, 'C', 159, 60, 'female'),
(2051, 'Hewa Pathiranage Nalaka Heshan', 'H.P.N.Heshan', '2009-07-19', 'B+', 'Buddhism', 'Sinhala', 'N0:23/8, Main Street, Rahula, Mathara', 'Bus', 'yes', 'yes', 165, 'H.P.Nimal', 712694694, 6, 'A', 160, 61, 'male'),
(2052, 'Karunathilakage Udharshana Sithuruwan', 'K.U.Sithuruwan', '2009-03-19', 'A+', 'Buddhism', 'Sinhala', 'No:99, A 5 Rd, Mathara', 'Bus', 'yes', 'no', 158, 'K.U.Upali', 715333666, 6, 'B', 161, 62, 'male'),
(2053, 'Irugal Bandaralage Achira Lakshan', 'I.B.A.Lakshan', '2013-07-19', 'AB-', 'Buddhism', 'Sinhala', 'No:254, Temple Rd, Mathara', 'Bicycle', 'yes', 'yes', 156, 'I.B.Nilanka', 718244477, 6, 'C', 162, 63, 'male'),
(2054, 'Disarala Hamige Sachintha Lakmal', 'D.H.S.Lakmal', '2009-07-19', 'AB-', 'Buddhism', 'Sinhala', 'Sapumal Niwasa, Araliya mawatha,Mathara', 'Foot', 'no', 'no', 143, 'D.H.Saman', 714987777, 6, 'A', 163, 64, 'male'),
(2057, 'Gampalage Osandha Sachithra', 'G.O.Sachithra', '2008-08-07', 'AB', 'Buddhism', 'sinhala', 'Mayura Hotel, Beach Rd, Mathara', 'Bus', 'yes', 'no', 128, 'G.Sarath', 703659872, 6, 'A', 234, 128, 'male'),
(2060, 'Karunathilakage Sithum Sudharshana', 'K.S.Sudharshana', '2008-06-07', 'B+', 'Buddhism', 'sinhala', 'No:80/D, Dedhiyawala, Mathara', 'Bus', 'yes', 'no', 78, 'K.Kuruppu', 702657231, 6, 'A', 235, 129, 'male'),
(2063, 'Diyagu Arachchige  Nethuki Ameesha', 'D.A.N.Ameesha', '2009-10-07', 'O-', 'Buddhism', 'sinhala', 'Ihalagedara, Temple Rd, Beliaththa', 'Bus', 'yes', 'no', 146, 'Nuwanthi Pavithra', 729831485, 6, 'A', 236, 130, 'female'),
(2066, 'Senanayake Mudiyanselage Tarushini Amaya', 'S.M.T.Amaya', '2009-08-07', 'AB-', 'Buddhism', 'sinhala', 'Beach Rd, Mathara', 'Bicycle', 'no', NULL, 158, 'S.M.Pramitha', 759312345, 6, 'A', 237, 131, 'female'),
(2069, 'Wanasinghe Ralage Teshara Prarthana', 'W.R.T.Prarthana', '2009-04-07', 'AB', 'Christianity', 'sinhala', 'Beach Rd, Eliyakanda, Mathara', 'School Bus', 'yes', 'no', 187, 'Ameesha Perera', 702369875, 6, 'A', 238, 132, 'female'),
(2072, 'Tehani Silva', 'T.Silva', '2009-06-07', 'AB', 'Buddhism', 'sinhala', 'Araliya Hotel, Eliyakanda, Mathara', 'Bicycle', 'no', 'no', 182, 'Rangith Silva', 713257598, 6, 'A', 239, 133, 'female'),
(2075, 'Imihami Mudalige Dhamsilu Dilhara', 'I.M.D.Dilhara', '2009-08-07', 'AB', 'Buddhism', 'sinhala', 'Beach Rd, Mathara', 'Bicycle', 'yes', 'no', 145, 'Karunathilake', 412369876, 6, 'A', 240, 134, 'male'),
(2078, 'Hewa Pathiranage Akhitha Ransilu', 'H.P.A.Ransilu', '2009-12-07', 'AB', 'Buddhism', 'sinhala', 'No:40, Wellamadama,Mathara', 'Bus', 'yes', 'no', 95, 'Amal Ariyawansha', 702597531, 6, 'A', 241, 135, 'male'),
(2081, 'Suuriya Arachchilage Anupama Prageeth', 'S.A.A.Prageeth', '2009-04-26', 'AB', 'Buddhism', 'sinhala', 'N0:56,\"Mayura house\", Beach Rd, Mathara', 'Bicycle', 'no', 'yes', 163, 'Madhawa Perera', 712364857, 6, 'A', 242, 136, 'male'),
(2084, 'Rajasinghe Arachchige Avishka Sulakshana', 'R.A.A.Sulakshana', '2009-08-07', 'AB-', 'Buddhism', 'sinhala', 'Beliahtha, Mathara', 'School Bus', 'yes', NULL, 154, 'Namal Ranasinghe', 768951472, 6, 'A', 243, 137, 'male'),
(2087, 'Hewa Pathiranage Dhulanya Prarthana', 'H.P.D.Prarthana', '2009-12-09', 'A-', 'Buddhism', 'sinhala', 'Namal Uyana, Beliaththa', 'Bus', 'yes', 'no', 172, 'Ajith Rohana', 412367589, 6, 'A', 244, 138, 'female'),
(2090, 'Pabasari Amodhya Bandara', 'P.A.Bandara', '2009-11-07', 'AB', 'Buddhism', 'sinhala', 'Nuupe,Mathara', 'Bus', 'yes', 'yes', 172, 'Amila Perera', 417892364, 6, 'A', 245, 139, 'female'),
(2093, 'Nethuki Amaya Silva', 'N.A.Silva', '2009-05-11', 'A-', 'Buddhism', 'sinhala', 'Main Rd, Mathara', 'Bus', 'no', 'yes', 143, 'Awantha Silva', 702367529, 6, 'A', 246, 140, 'female'),
(2096, 'Diyagu Arachchige Amal Perera', 'D.A.A.Perera', '2009-08-07', 'B+', 'Buddhism', 'sinhala', 'Rahula Mawatha, Mathara', 'School Bus', 'yes', 'yes', 141, 'D.A.Perera', 702368592, 6, 'A', 247, 141, 'male'),
(2099, 'Dissanayake Mudiyanselage Sajith Perera', 'D.M.S.Perera', '2009-11-10', 'A+', 'Buddhism', 'sinhala', 'Main Street, Mathara', 'Bicycle', 'yes', 'no', 147, 'D.M.Namal', 413657265, 6, 'A', 248, 142, 'male'),
(2102, 'Gampalage Thuurya Deshani', 'G.T.deshani', '2009-11-07', 'O+', 'Buddhism', 'sinhala', 'Rahula Mawatha, Mathara', 'Bus', 'yes', 'no', 142, 'G.Rathnasiri', 712345269, 6, 'A', 249, 143, 'male'),
(2105, 'Chethiya Lakmal Silva', 'C.L.Silva', '2009-04-11', 'A-', 'Buddhism', 'sinhala', 'Salmal Uyana, Temple Rd, Mathara', 'Foot', 'yes', 'no', 143, 'Saman Silva', 762367895, 6, 'A', 250, 144, 'male'),
(2109, 'Vinuu Silva', 'V.Silva', '2009-08-07', 'A+', 'Christianity', 'sinhala', 'Nuupe, Mathara', 'School Bus', 'yes', 'no', 124, 'Saliya Silva', 702365789, 6, 'A', 251, 145, 'female');

-- --------------------------------------------------------

--
-- Table structure for table `subjects`
--

CREATE TABLE `subjects` (
  `id` int(11) NOT NULL,
  `subject_name` varchar(200) NOT NULL
) ENGINE=InnoDB DEFAULT CHARSET=latin1;

--
-- Dumping data for table `subjects`
--

INSERT INTO `subjects` (`id`, `subject_name`) VALUES
(1, 'mathematics'),
(2, 'science'),
(3, 'art'),
(4, 'sinhala'),
(5, 'buddhism '),
(6, 'tamil \r\n'),
(7, 'english'),
(8, 'catholic '),
(9, 'history '),
(10, 'geography'),
(11, 'information and communication technology '),
(12, 'drama '),
(13, 'western music '),
(14, 'eastern music '),
(15, 'life skills & citizenshipn education '),
(16, 'health & physical education '),
(17, 'practical & technical studies ');

-- --------------------------------------------------------

--
-- Table structure for table `teachers`
--

CREATE TABLE `teachers` (
  `staff_id` bigint(20) NOT NULL,
  `full_name` varchar(100) DEFAULT NULL,
  `name_with_initials` varchar(100) DEFAULT NULL,
  `dob` date DEFAULT NULL,
  `tp_number` int(11) DEFAULT NULL,
  `email` varchar(50) DEFAULT NULL,
  `address` varchar(100) DEFAULT NULL,
  `user_id` bigint(20) NOT NULL,
  `id` int(11) NOT NULL
) ENGINE=InnoDB DEFAULT CHARSET=latin1;

--
-- Dumping data for table `teachers`
--

INSERT INTO `teachers` (`staff_id`, `full_name`, `name_with_initials`, `dob`, `tp_number`, `email`, `address`, `user_id`, `id`) VALUES
(10080, 'Diyagu Arachchige Sunil Karunarathne', 'D.A.S.Karunarathne', '1970-05-07', 714757047, 'karunarathne@gmail.com', 'No:190, Green House,Temple Rd, Mathara', 252, 17),
(10100, 'Hewa Pathiranage Lalith Pushpakumara', 'H.P.L.Pushpakumara', '1976-08-07', 179546327, 'lalithkumara@gmail.com', 'No:8, Main Street , Mathara', 254, 19),
(10200, 'Gampalage Manel Kumaradhasa', 'G.M.Kumaradhasa', '1968-08-07', 723567892, 'manelkumaradhasa@gmail.com', 'No:276, Main Street, maho', 255, 20),
(10300, 'Hewa Pathiranage Salani Tharuka', 'H.P.S.Tharuka', '1989-08-07', 766987253, 'salanit@gmail.com', 'Beach Rd, Mathara', 256, 21),
(10400, 'Rathnamalala Irugal Bandaralage Dhammika Herath', 'R.I.B.D.Herath', '1980-08-07', 702364589, 'dhammikarathnamalala@gmail.com', 'No:19/A, Green House,Temple Rd, Mathara', 257, 22),
(10500, 'Kuruppu Arachchige Nipuna Herath', 'K.A.N.Herath', '1983-11-07', 702365892, 'nipuna10@gmail.com', 'Beach Rd, Mathara', 258, 23),
(10600, 'Selwam Nagaraja', 'S.Nagarajaselwa', '1977-08-07', 715684231, 'selwam@gmail.com', 'No:190, Green town,Temple Rd, Mathara', 259, 24),
(10700, 'Johan Silva', 'J.Silva', '1989-08-07', 712367532, 'johan@gmail.com', 'No:2A, Colombo 10', 260, 25),
(10800, 'Tharani Fonseka', 'T.Fonseka', '1969-08-07', 703654128, 'tharani@gmail.com', 'No:34, Beach Rd, Mathara', 261, 26),
(10900, 'Gamage Pushpa Malkanthi', 'G.P.Malkanthi', '1966-08-07', 714564560, 'pushpa@gmail.com', 'No:34, Beach Rd, Mathara', 262, 27),
(11000, 'Herath Mudhiyanselage Nirmala Herath', 'H.M.N.Herath', '1969-08-07', 761231230, 'nirmala@gmail.com', 'Beach Rd, Mathara', 264, 29),
(11100, 'Gamage Saliya Herath', 'G.S.Herath', '1977-08-07', 721231236, 'saliya@gmail.com', 'No:276, Main Street, maho', 265, 30),
(11200, 'Manathunga Arachchige Chandrani Samalka', 'M.A.C.Samalka', '1970-08-07', 762320001, 'chandrani@gmail.com', 'Beach Rd, Eliyakanda Mathara', 266, 31),
(11300, 'Amaya Adhikari', 'A.Adhikari', '1982-08-07', 701235648, 'amaya@gmail.com', 'Namal Uyana, Beliaththa', 267, 32),
(11400, 'Gampalage Chethana Dilhani', 'G.C.Dilhani', '1985-08-07', 701236983, 'chethana@gmail.com', 'Eliyakanda Rd, Mathara', 268, 33),
(11500, 'Upul Perera', 'U.Perera', '1974-08-07', 701597530, 'upul@gmail.com', 'Beach Rd, Eliyakanda Mathara', 269, 34),
(11600, 'Diyagu Arachchige Dinelka Kumara', 'D.A.D.Kumara', '1969-08-07', 756931475, 'dinelka@gmail.com', 'Eliyakanda Rd, Mathara', 270, 35),
(11700, 'Dissanayake Mudiyanselage Chamidu Asiri', 'D.M.C.Asiri', '1974-08-07', 703331110, 'chamidhu@gmail.com', 'No:19/B, Green House,Temple Rd, Mathara', 271, 36),
(20000, 'Dissanayake Mudiyanselage Hemal', 'D.M.Hemal', '1980-08-07', 772265423, 'hemal@gmail.com', 'Beach Rd, Eliyakanda Mathara', 272, 37);

-- --------------------------------------------------------

--
-- Table structure for table `teacher_subjects`
--

CREATE TABLE `teacher_subjects` (
  `id` bigint(20) NOT NULL,
  `subject_id` int(11) NOT NULL,
  `teacher_id` bigint(20) DEFAULT NULL,
  `grade` int(11) DEFAULT NULL,
  `class` varchar(20) DEFAULT NULL
) ENGINE=InnoDB DEFAULT CHARSET=latin1;

--
-- Dumping data for table `teacher_subjects`
--

INSERT INTO `teacher_subjects` (`id`, `subject_id`, `teacher_id`, `grade`, `class`) VALUES
(26, 1, 10100, 6, 'B'),
(27, 2, 10200, 6, 'B'),
(28, 3, 10300, 6, 'B'),
(29, 4, 10400, 6, 'B'),
(30, 5, 10500, 6, 'B'),
(31, 6, 10600, 6, 'B'),
(32, 7, 10700, 6, 'B'),
(33, 8, 10800, 6, 'B'),
(34, 9, 10900, 6, 'B'),
(35, 10, 11000, 6, 'B'),
(36, 11, 11100, 6, 'B'),
(37, 12, 11200, 6, 'B'),
(38, 13, 11300, 6, 'B'),
(39, 14, 11400, 6, 'B'),
(40, 15, 11500, 6, 'B'),
(41, 16, 11600, 6, 'B'),
(42, 17, 11700, 6, 'B'),
(43, 1, 20000, 6, 'A');

-- --------------------------------------------------------

--
-- Table structure for table `users`
--

CREATE TABLE `users` (
  `id` bigint(20) NOT NULL,
  `username` varchar(50) NOT NULL,
  `password` varchar(255) NOT NULL,
  `role_id` bigint(20) NOT NULL,
  `profile_picture` varchar(255) DEFAULT 'profile_pictures/default.jpg'
) ENGINE=InnoDB DEFAULT CHARSET=latin1;

--
-- Dumping data for table `users`
--

INSERT INTO `users` (`id`, `username`, `password`, `role_id`, `profile_picture`) VALUES
(1, 'admin', '$2y$10$q2tvZlZpD8fXWSeufT4NuuisTIysYI8Z0gOle19BVVHepPDM4k7bO', 1, 'profile_pictures/default.jpg '),
(18, 'student', '$2y$10$JcV0vjW2lqXMDERiNzvMMelnpPi5NAziA7oM3yAaVY2pUOZNjE.Vy', 3, 'profile_pictures/default.jpg \r\n'),
(68, 'asela', '$2y$10$UPJLUYthvro3TBSLbF2r/uyIhEFyEmrmkJGWE4USvc8g.IpTjEGa.', 3, 'profile_pictures/15865285681-file.jpg'),
(87, 'kasun', '$2y$10$0zq7h8HFTrm6U6QJh0P7gOMHMQuY8lAA24DWNraMLQLS8fuzs6LZK', 3, 'profile_pictures/158752501287-file.jpg'),
(94, 'kamal', '$2y$10$c7Xhmr5J5r/FyZPTa5ux9OoSQDcJZXP8WVKoYjuNpswPpgVbEBZjm', 3, 'profile_pictures/default.jpg'),
(97, 'ayesha', '$2y$10$KgVImdRP5Nj2I.3xy6oFjOzx9tFqTcBx6LFXihN3iq9DuJ124vs3W', 3, 'profile_pictures/15942646491-file.jpg'),
(105, 'thanuja', '$2y$10$bcNNFLWfSq8YByJytfFzd.06CXJ9c.4Uu7aU1n9eo8d/Y5g43XEQK', 3, 'profile_pictures/1596841008105-file.jpeg'),
(106, 'deuni', '$2y$10$Y1CA.C/DS1UmND5HobVCe.TbZ4D1UqHSEvhUWvrEQWM7kVnPYRpDa', 3, 'profile_pictures/15950720071-file.jpg'),
(107, 'kalani', '$2y$10$248hJxB11T2LLf1F1H.B4.BbDJhYowMsKaGV9iyZ8GzdVIN31vQd.', 3, 'profile_pictures/15950722811-file.jpeg'),
(108, 'kalana', '$2y$10$xulPLnskeNwhYnaB.z57L.59GnxbcBN5kF1Ph3lY84Px8BsbRWYJG', 3, 'profile_pictures/15950765381-file.jpg'),
(109, 'nadeeka', '$2y$10$q1DBBrVdbj70HSJ5sRc82uIAJDlD7jI8OPa2BROpKZOLKziCJt84m', 3, 'profile_pictures/15950768681-file.jpeg'),
(110, 'chalana', '$2y$10$K4kAZPc2HK91nJPHXMtHt.rFHY6ezKj4bQWxupOt7v19LYXAgxoCi', 3, 'profile_pictures/15950771091-file.jpeg'),
(111, 'chathura', '$2y$10$51ci8vtAtx5yNY6pOBYcR.ArYIgjGR6l0GYdR8kOqe9l5BOwN4rgS', 3, 'profile_pictures/15950773671-file.jpg'),
(112, 'jeewani', '$2y$10$/t5u9vuCx4pqX7Ire0QfkeKds9YWQu0NeaKX36i23eJGDnv4uGV/K', 3, 'profile_pictures/15950775721-file.jpeg'),
(113, 'niwarthana', '$2y$10$NyVUZG213nAlxW4El7iHeeYQZowd6N5ybJLJjWejyRIbqTqchZXPm', 3, 'profile_pictures/15950784811-file.jpeg'),
(114, 'gayathree', '$2y$10$wWU.caOO/mKoQBxEiFY...KMbrBuN5jTIMeoRVU.QLs2WItA9DxAW', 3, 'profile_pictures/15950787151-file.jpeg'),
(115, 'thakshila', '$2y$10$uECOUcsefNfyRgjhje4w9uMyWx93LRIw8V3Ffui5rN1o75/nD3mZm', 3, 'profile_pictures/15950870561-file.jpeg'),
(116, 'nuwan', '$2y$10$AkUOem.YMPGGdpkqY5XRTeTR.K20lNCEEWkvLetgaRZRLOSqmFY4O', 3, 'profile_pictures/15950946241-file.jpg'),
(117, 'sasini', '$2y$10$/W8gYVJNYPgneZN3uS458.fTR5CdesGIyLLnfWTVQF78ttseg2hcO', 3, 'profile_pictures/15950948371-file.jpg'),
(118, 'chathumari', '$2y$10$sjJYT39PE5HmkXX6r.kWV.7N5FlEZhi72sFOAT/Ut8nPzbnA4YRPq', 3, 'profile_pictures/15950954481-file.jpg'),
(119, 'yasas', '$2y$10$Mb6X/P58p5JvdRa/9liUrem2x4mvhIuaypVhEPdD4jXfNfcJtmfPK', 3, 'profile_pictures/15950961051-file.jpg'),
(120, 'samantha', '$2y$10$NfjIMIXk9pMZ1gg9RvIFTe6GnraBMmTNVf.QNq4t0GfSMG39xYHTy', 3, 'profile_pictures/15950966051-file.jpg'),
(121, 'chaya', '$2y$10$wyZc3QJgxaJVSpwTb63L8erefpe9GBBiUVKBhDNS6Q9rSgV7zWjna', 3, 'profile_pictures/15950969461-file.jpg'),
(122, 'lakshan', '$2y$10$07MVMDqkJD0TfnsdOcYt3.lPKENSJr8rHiw.IZRzoMnb0WviftVOy', 3, 'profile_pictures/15950977871-file.jpg'),
(123, 'lasitha', '$2y$10$Cy0Wi7wLT/qVUxufa2IZyOcnJqxd8KY6/sstMahIIkSOSfcBb40Ym', 3, 'profile_pictures/15950985591-file.jpg'),
(124, 'lasith', '$2y$10$qNMZzHF0QoOfzULHR0PyZuoVUcZ2VGgQGs9ueVC1cK3MTXBSS5NfC', 3, 'profile_pictures/15950987191-file.jpg'),
(125, 'lakmal', '$2y$10$jo2tfVstyGca.CvNNpEkmu4C.0RYI9426x7/3h5PR0zO2ApoLnTUe', 3, 'profile_pictures/default.jpg'),
(126, 'mahesh', '$2y$10$CT7WKY9JyOc4Y3A2WI0zHu3GCdmKdUdgPhVGT/P6DqcdYPdM1dVAK', 3, 'profile_pictures/15951008011-file.jpg'),
(127, 'nimesh', '$2y$10$ouue69ID3PZ2aM2HniRFyOOayvYPgRyHuzGSbN.l1fR71Yw6OSIZa', 3, 'profile_pictures/15951010181-file.jpeg'),
(128, 'mahen', '$2y$10$JYDU.AIXcTgvBaLlhN5Qy.MLHZa91IbTo3RpHNl09ZAxRcBuWWKP2', 3, 'profile_pictures/default.jpg'),
(129, 'ayeshi', '$2y$10$1KLep.7WImKGvcXBV.LIa.VdzWhmpYH5fjFcTcznel5kx.sGxM7h2', 3, 'profile_pictures/15951331641-file.jpg'),
(130, 'idunil', '$2y$10$KEggYRFRyflxRx8uYVsXLOFAqk9SDuxJ6b.pPcu7X6WRBciewguTW', 3, 'profile_pictures/15951334841-file.jpeg'),
(131, 'tohaj', '$2y$10$XC42PuPyq5KSm8LY/IJVgeN9YH8g3/ITl7FQA7so2OObNaX4loCRG', 3, 'profile_pictures/15951343301-file.jpeg'),
(132, 'chamara', '$2y$10$uaXqT1zECLnA9Pbts45bDelsJIyuvJqbD1aTmX4b4Rwo3Xm/GeuNa', 3, 'profile_pictures/15951346931-file.jpeg'),
(133, 'ajith', '$2y$10$vVcZ.9QQ1YmZAiY0OVRB9eewhz4nxloc1EputAeiqWPgRfgfk3XZG', 3, 'profile_pictures/15951351911-file.jpeg'),
(134, 'sithija', '$2y$10$dli7WehHYcw0BZ1lNsiOEufc4OvQ2vFmq4na/tkpFSp2cypKKKdx.', 3, 'profile_pictures/15951360151-file.jpg'),
(135, 'nirosha', '$2y$10$v57wNwZkbeVG042wvj65JOaeAbTsJs9tL5D/DdDK7N3wwIi8GYEIW', 3, 'profile_pictures/15951362421-file.jpeg'),
(136, 'nipuni', '$2y$10$Z.sR9SSy47mXug1vtCuwJef/FGDG1hMTi2Qy/OAdFC89QfQRAcqBC', 3, 'profile_pictures/15951365451-file.jpeg'),
(137, 'nimsara', '$2y$10$STdLjLI1vJBkU9Fo6nEbFeD6t464kxMkrHqIuAlrJ.H2CMlG0/rPO', 3, 'profile_pictures/15951368651-file.jpeg'),
(138, 'akhila', '$2y$10$Shm.QjnEohQhoVahqzUX..lL196B1LKdhdF0WEj5q3tIJAIfURz8e', 3, 'profile_pictures/15951370591-file.jpeg'),
(139, 'dilan', '$2y$10$bNPdYTnENGE7O8sMZs0VQeYwjNJAu41/487I5MqBC9ZxMQ7IFiLqq', 3, 'profile_pictures/15951374981-file.jpeg'),
(140, 'sewantha', '$2y$10$by7yNVTBXGpGcJ1Z48w04eNGNkEAS9jq9f8DFmlruZ0gMs15IwUHm', 3, 'profile_pictures/15951377171-file.jpeg'),
(141, 'dumidu', '$2y$10$17XMLNI1qrpBD5wq1lwdn.mVeO67.4nnIDaxlEOckiUH9B8GgImw.', 3, 'profile_pictures/15951379161-file.jpeg'),
(142, 'anupama', '$2y$10$X83K39T9jePvxJZnuRSnCOaXF1n5IW.dTem26dAguoAgBBcsVEp.6', 3, 'profile_pictures/15951380971-file.jpeg'),
(143, 'thisara', '$2y$10$Woo.XuvtEDdmfU3p3O0Jc.3c6EubvigJ4a/8nC.7GJ0nMTOBMmWI.', 3, 'profile_pictures/15951383941-file.jpeg'),
(144, 'sunanda', '$2y$10$MM/yMPydg0r6OuE.fY9rGezNEeIjzmqlxuez87ihzoO6eOy5/spMS', 3, 'profile_pictures/15951386321-file.jpeg'),
(145, 'nadun', '$2y$10$.1MfoK7StDwHgUO1KTR2gulf9lMbDbOB17W4fh9l17xKRL4qj0p0u', 3, 'profile_pictures/15951388781-file.jpeg'),
(146, 'thusitha', '$2y$10$EGNSgENMWwq4mi/oT4SQM.6wEWRuI4i4byN3/6m2L0w1b9HQt.kKW', 3, 'profile_pictures/15951395971-file.jpeg'),
(147, 'sanuka', '$2y$10$R58LFcvNczw60zZjX9W24Oknz2Au9O.qCtS3bmUyN6WU2XfOVuIXi', 3, 'profile_pictures/15951400311-file.jpeg'),
(148, 'sahansa', '$2y$10$fzsO6IDoq47.Ghgjcv9uvujX8axJuFL7d0EBGKw1SPoPJZUfpWwIC', 3, 'profile_pictures/15951437841-file.jpeg'),
(149, 'laknath', '$2y$10$2AMbjrStuQLCkQDxHoeY5OSTRVcYBNwlDIjGFzJEOfTS6hh9hun12', 3, 'profile_pictures/15951439351-file.jpeg'),
(150, 'ashan', '$2y$10$BO9WQHHN60Bxt4Ua5oicbuV32mhyZjNwl.EAh.SzqJaIEV0Scdnte', 3, 'profile_pictures/15951441671-file.jpeg'),
(151, 'onitha', '$2y$10$aPgxfbv8TRCxUNxzMyEhleRO5mPmFLSAn7YLgjH33H/YJTSRhpWci', 3, 'profile_pictures/15951460921-file.jpeg'),
(152, 'dilmi', '$2y$10$OJ/j6DedLZvM6Fr7b0FMueYfBs.8O4ZlVN0ue08LJlsdRRLVhVcCW', 3, 'profile_pictures/15951462521-file.jpeg'),
(153, 'rashanthi', '$2y$10$MvS6OZ4qrLY5nGayjIsUj.kUGQv6ajHqB4XiAdMPmx7FxQ66/4aGG', 3, 'profile_pictures/15951464421-file.jpeg'),
(154, 'harshani', '$2y$10$AI0s8z8H4wLYo5xs0Su1peX1XR/ZlRSULOoIiPXReFvuEZkKKfV.y', 3, 'profile_pictures/15951466191-file.jpg'),
(155, 'mekala', '$2y$10$We03ZK.gwG3aFtDOGUwuB.yWO118gGKaApHmU8sBRATeHbn5tgzPK', 3, 'profile_pictures/15951467661-file.jpg'),
(156, 'sulochani', '$2y$10$52WqcQlKXPQyTtw.V.FS8uts1xEksHFqf6U5rUVpTwsmo9RWmgHnC', 3, 'profile_pictures/default.jpg'),
(157, 'hansaka', '$2y$10$w/R.qqsmd4jdopNi1epufezFZ0A/5kojgA5t2PPfwR4q6B8ziecJG', 3, 'profile_pictures/15951474291-file.jpeg'),
(158, 'nilanka', '$2y$10$nZp4CUkN60IgqAFo56zWweG7MSbIkYpycn6f0P7Wtd18aPQZfaDja', 3, 'profile_pictures/15951477401-file.jpeg'),
(159, 'dewni', '$2y$10$MNYuCytZJDmy.CA6oRqQqeVAxNxY7jgbT8ehRoR7NJARc0H28D.mi', 3, 'profile_pictures/15951606791-file.jpg'),
(160, 'Nalaka', '$2y$10$KYWtTorO3G8/y1S96j5vn.SXJ61sDYE02p5P/Z5VzV6aJFKI383W6', 3, 'profile_pictures/15951614781-file.jpeg'),
(161, 'udharshana', '$2y$10$2tQJiD4SkpfwYaMi/aen4OvPrdhF8m0xxGgeUkfktKcGAAIIIbOgK', 3, 'profile_pictures/15951616891-file.jpeg'),
(162, 'achira', '$2y$10$6F9xo0lLFBfUrGsk0/oH0eZt0FRIDxLmStnSXtbLC/bqUZeWTUJJ6', 3, 'profile_pictures/15951618661-file.jpeg'),
(163, 'sachintha', '$2y$10$M4hSNhpzUEL4yi1Jixn2NeZ0YLg15KRNJ.qJlsYGumWqliyilSBY6', 3, 'profile_pictures/15951620271-file.jpeg'),
(164, 'athula', '$2y$10$OzqSzrdqNeX451Hia55HUeMxuyf7chbJ0dAmLMyceUJ7t4Imuzbo6', 2, 'profile_pictures/15951634521-file.jpg'),
(170, 'aseni', '$2y$10$Pz7PypSIGalpnrg3anSape13uf6JP2HHTDYhlUFJd7ch5SASpUNva', 3, 'profile_pictures/15966932921-file.jpg'),
(171, 'wayomi', '$2y$10$IJXzR4ux0mDaspTP3mxGBeEbVBCw8VbHFgjPzvCy2R3w4PqWGeOPS', 3, 'profile_pictures/15966937301-file.jpg'),
(172, 'rukshana', '$2y$10$oA9nxf4Y/5Iz23gsGztbnOkJkqfQIMwL7ulZLQB2tsqnZHp/q3Ww2', 3, 'profile_pictures/15966939451-file.jpg'),
(173, 'rukshan', '$2y$10$h0w9LpODI1W6n8kJwCiZweOmh5N13jno1ZE.eGfRB40WN.q5IS5dO', 3, 'profile_pictures/15966947681-file.jpg'),
(174, 'nuwanthi', '$2y$10$gsNx/dEolC2Y.hUg2SyP5ezPUxVUKSX3mxMQY2TaPQumDSKecoKk2', 3, 'profile_pictures/15966950211-file.jpg'),
(175, 'shanudhri', '$2y$10$GXnGn6Zbp4Frhwi1TlN2.eAQNX711l.CsDHk856nq9Rez/y4952hK', 3, 'profile_pictures/15966952311-file.jpg'),
(176, 'sepalika', '$2y$10$2vpH72jRuIfEK/jOGXIyeOXTONelBGTTZD/Q6iAs.kFfXI89z7UjS', 3, 'profile_pictures/15966955631-file.jpg'),
(177, 'dinush', '$2y$10$DVI9x.89NPSWIM1i0ZbqheYAamBWRtUFbGVPRZzq2Fzpl3.pqUIrq', 3, 'profile_pictures/15966966101-file.jpeg'),
(178, 'nuwan1', '$2y$10$5n.JWJdmu./WqyV6XeVbIed6AcHD8YVxThLSMAHdWNpRd8LR8Gjya', 3, 'profile_pictures/15966968791-file.jpg'),
(179, 'nadeeka1', '$2y$10$1vrNYv1p.T.oMJfMXVs9Zut9epkiBXLaL5VAOPiVpslgWMgXvYBKy', 3, 'profile_pictures/15966997931-file.jpg'),
(180, 'nirwan', '$2y$10$SgM3iknR7lCeYoWaQoqiT.UWqMFJ37ZAD4gzE0UZTVPS0wskLplhq', 3, 'profile_pictures/15967002641-file.jpeg'),
(181, 'nadeeka2', '$2y$10$hrSaJW9ejGXsXj7BUHgPf.KYOOk1Y9fnRLbzorjDJ3pAKhTY4BWFK', 3, 'profile_pictures/15967004491-file.jpeg'),
(182, 'nadeesha', '$2y$10$IzmcaIj7KeTVAtljG0taJuSa338hCab5nKmO1iFERkXhTxrBlk3Km', 3, 'profile_pictures/15967006851-file.jpeg'),
(183, 'muyura', '$2y$10$syvDa3KD3GJR3jqujJRpJOph2d2Ys2vQued5x0jqdBMqLSk4vbIQ.', 3, 'profile_pictures/15967009561-file.jpeg'),
(184, 'gihansa', '$2y$10$DihExxK7K7EGqvxHzpYuUOYwNYU7/QhOVHbKTJ3LIzYtGV6LFsa7C', 3, 'profile_pictures/15967011741-file.jpeg'),
(185, 'awantha', '$2y$10$gYdfnwZVDu1s9V68Lw/RwOe4Jm5rsa/MvMPpDBOLppfPoZ5ORiKT2', 3, 'profile_pictures/15967013751-file.jpeg'),
(186, 'tharindhu', '$2y$10$e6JHXx0MIadY7PgMCsBgpuEaG2jcFe0CFPEb.B9PZ.sXyzNq0qutO', 3, 'profile_pictures/15967017211-file.jpeg'),
(187, 'thimira', '$2y$10$zCP.sWYgwWwZFns9517xtuoRhwwDSuhFOnNgP4h4v/Y0fu6XgLwRu', 3, 'profile_pictures/15967019451-file.jpeg'),
(188, 'kushalya', '$2y$10$9DyvAPDNoar2VXUZJBokUeKyLpAgeiHpf78wFl5f3ghO5hC6Kz5fK', 3, 'profile_pictures/15967022771-file.jpeg'),
(189, 'ksarani', '$2y$10$2GBnY0aLzyWJfoqt6nOuMOoSk5D82k9yBo9a3iOqHeN1sn1lbDZAC', 3, 'profile_pictures/15967029801-file.jpeg'),
(190, 'mithma', '$2y$10$aM96tkaoB5lXdViYgihoZuV8MWaLcOFRtXp8vWdLYw9kJI4EQD1g6', 3, 'profile_pictures/15967034111-file.jpeg'),
(191, 'kelum', '$2y$10$DwLGnEz4pXv3R98bevX/ceLAzdd5CskNLMX93wO8FMk0Wpgt1Pxfi', 3, 'profile_pictures/15967035721-file.jpeg'),
(192, 'pubudhu', '$2y$10$MuOE4qoD1hipISi1dtefbu2q/QjYZ7O0.cDA0np3kj4xZKAgMLH5W', 3, 'profile_pictures/15967052671-file.jpeg'),
(193, 'milina', '$2y$10$LqvKaB8lbW.Spl4vhlGpKO4gZqsqianNSahW.uHj9AcI7yDMhDvw.', 3, 'profile_pictures/15967054301-file.jpeg'),
(194, 'mahi', '$2y$10$xHA/WHSaRNjepvXxc0DwluBALdHGP4O2SbO5CuXwQHWJ2/FaovFy6', 3, 'profile_pictures/15967066661-file.jpeg'),
(195, 'akash', '$2y$10$GKwXt76QD/LitCUTuPdwsetFG/eQsvzH2iqmY/yTSOmUqlbXSRx.q', 3, 'profile_pictures/15967069231-file.jpeg'),
(196, 'pavithra', '$2y$10$VtNlcW/PYG91Q0xgEiGUFu9mr.6/g9Y81S6d827yVM6lCk3sjEZPq', 3, 'profile_pictures/15967071001-file.jpeg'),
(197, 'pamudhi', '$2y$10$Phvey4Pjd/LtyAs0aJJAourC1YimAxRs.6LOxCZ0df.V837x69zqG', 3, 'profile_pictures/15967072581-file.jpeg'),
(198, 'pramodha', '$2y$10$SHARwhvnTVwnXlVWbm1Uj.Sj6I2u.8stXMqgVNG1U.Slk6HDdKnmy', 3, 'profile_pictures/15967075511-file.jpeg'),
(199, 'udhula', '$2y$10$hrzMwNZO6xae/jyFJs8G2ewXTtielZjfQDczS0F1K3BBNFwjVfeNe', 3, 'profile_pictures/15967077301-file.jpeg'),
(200, 'vinula', '$2y$10$vMUK6.BNUddTeoNUicBof.gc1RpHH2KTKJCvsxDuUotJl4OLUhWDC', 3, 'profile_pictures/15967078831-file.jpeg'),
(201, 'vihanga', '$2y$10$8P7BcSvFgN5zn6YHgL5kU.28dx9K5bAUInt6RzWK.O4yEj6QVOL2a', 3, 'profile_pictures/15967090041-file.jpeg'),
(202, 'vinuli', '$2y$10$4KtFNtM8c/z8SWBsT88AZOYolAYDvIKchVqlqagXkyKL3PCPC.G2a', 3, 'profile_pictures/15967108171-file.jpeg'),
(203, 'varsha', '$2y$10$cMJcTXvwEp6qoxvJXP4M0uunOCT0PmNcYavMVXX9AlTJhm8lp4vvm', 3, 'profile_pictures/15967111191-file.jpeg'),
(204, 'senali', '$2y$10$zOcGbM2BnNwSc0JnDu4dlOa7Ym6tSCpykVB3MHL73KivA4qhroAfq', 3, 'profile_pictures/15967112901-file.jpeg'),
(205, 'seumini', '$2y$10$c83xw9k7g/4dAt5YuysmWOceLFOJrdE1M3P/YUheblp5sR.80/RIe', 3, 'profile_pictures/15967119201-file.jpeg'),
(206, 'sithum', '$2y$10$xY33FFY.zvf9CsuOR2nfF..lUQS9AzMOJAb5KNMASVHVAeqNOI90y', 3, 'profile_pictures/15967121231-file.jpeg'),
(207, 'adheesha', '$2y$10$a/wm6.y2xkhc86rP.nq5PuZLHKf5ABfjRUqz7cCgTMczAuVYljUCW', 3, 'profile_pictures/15967126211-file.jpeg'),
(208, 'sethuni', '$2y$10$lHZ1fzQsUAS64UdEhxoG0eVx3oShx2K2GQADtdFytRp6h7Vs56YhS', 3, 'profile_pictures/15967127761-file.jpg'),
(209, 'thisumi', '$2y$10$H5nJxAclLdidLGE7Q3PeWOAXnpLU3XvC7hk2wc.193QySMuhGs7Sy', 3, 'profile_pictures/15967130621-file.jpg'),
(210, 'nesadhi', '$2y$10$K9qUsp6kOlaiC7iVb4Odgu2135zFG2fnd2J1r8uiILMF05z3Ey17K', 3, 'profile_pictures/15967132031-file.jpeg'),
(211, 'vinuli1', '$2y$10$NvMF1Z4nbeaD3SQUvbbm1uPaF1oMW97kd38HQfyCoYuAX.JsBWumq', 3, 'profile_pictures/15967133371-file.jpg'),
(212, 'reshma', '$2y$10$0QvqhxrmJIOy3jn5h2pjh.VxG8QHGIZNZbP9NTZSNmhhQ1bd.0WUy', 3, 'profile_pictures/15967135001-file.jpeg'),
(213, 'akasha', '$2y$10$zfCyc5GyH6fed4u/gtdm0.NdE/iLsC.cG/.ieg./9yeZSy8ZIRp6i', 3, 'profile_pictures/15967138111-file.jpg'),
(214, 'dilka', '$2y$10$MSUFXjGeHxH13qna.9trEOV34/NDrOIvdpB/QgJwHdM8Idixb.IxS', 3, 'profile_pictures/15967167421-file.jpeg'),
(215, 'abhises', '$2y$10$45XErc7gKLtnP7j1DaAGVubWdn74UbLevvS/BtftBKKja4/SwwA7W', 3, 'profile_pictures/default.jpg'),
(216, 'abhi', '$2y$10$xQaXqFdO0jzhR9R.afRiuugrztXnmT4/17f/3OeIAUcC4a682RMQW', 3, 'profile_pictures/default.jpg'),
(217, 'lihini', '$2y$10$i4hGEr20H4LjcHKgMTb2gOunZYfgNCU7y.N1xIPUeQOSCnafyXW4K', 3, 'profile_pictures/15967490281-file.jpg'),
(218, 'sunimal', '$2y$10$i/9bOmcJj59WtxvrUTUuKutTZIWW0joQc98f3EBw/HjwVO8JylZCC', 3, 'profile_pictures/15967492001-file.jpeg'),
(219, 'jayani', '$2y$10$IvCbs.Yo3x.GR8TgAopCHOkqMSFcsYlxkEYdnhgBj7.MQvmuaRJNq', 3, 'profile_pictures/15967493761-file.jpg'),
(220, 'ashen', '$2y$10$zyug8skRFH/LsXfpoXaWjuKM24CNIpEYWtMUJZJbvmD8A9Sg.qw/G', 3, 'profile_pictures/15967495661-file.jpeg'),
(221, 'tharuki', '$2y$10$0ahkNGGOaLVNbO.lvbHmEOe5B5S74o4.vRfFmV9fX320YDCuyzs3q', 3, 'profile_pictures/15968044291-file.jpeg'),
(222, 'imasha', '$2y$10$VrsR6RaliPymxUmiZKk4aOVhhKCQAbGO1DC6FvmScQezsh1cNs1yy', 3, 'profile_pictures/15968045751-file.jpg'),
(223, 'geethma', '$2y$10$kvCwJ9UAPm4pT1Isb.vcOOGM7oQ9l6tHXu5TRwCyL8iIAMiPK27oO', 3, 'profile_pictures/15968048281-file.jpg'),
(224, 'sahan', '$2y$10$EK12ln64PqC90w65f1alzu07V485701AdmeYts3hyedRuP5wt2F..', 3, 'profile_pictures/15968049811-file.jpeg'),
(225, 'chalini', '$2y$10$D5ItjvMXLqi7a7povwcgsOen1upjK7UIh5pjQOVe9A6L6oN4Ij9Ry', 3, 'profile_pictures/15968051281-file.jpg'),
(226, 'aliya', '$2y$10$zfvJTzOHp2MsOczJuBmTb.GIqcVuhSVturS./W2WMP4HYvk7F2cte', 3, 'profile_pictures/15968052621-file.jpeg'),
(227, 'amidhu', '$2y$10$Pb6jPidYzBz8Kbn5cywh9Os6Fs2xIrvDU4pk2UQAX2ZU13s9gjZw6', 3, 'profile_pictures/15968053961-file.jpeg'),
(228, 'dilsha', '$2y$10$h6ZD1MnIMPuIoH3rDdXYmOYy1FdOT5DNUkPiq6XvpZZ8LMT894Yp2', 3, 'profile_pictures/15968055431-file.jpeg'),
(229, 'thiwanka', '$2y$10$avb/hzTTc5fML1g/BU87h.AUKDK76bIP0eO0wKdyLzEgc6Vs/7FXO', 3, 'profile_pictures/15968060641-file.jpeg'),
(230, 'mihindhu', '$2y$10$OZLCFH855tpV9tmDhzoYYefVM02EP32eY7iDRlZcW/1MkXkz1ZVj.', 3, 'profile_pictures/15968062081-file.jpeg'),
(231, 'yanura', '$2y$10$dw9mITzry/5oDtzrLYPY7OSOkzGqdKN5FQbGgxvFexLR4CF2KJgEC', 3, 'profile_pictures/15968063581-file.jpeg'),
(232, 'yomali', '$2y$10$u3gD6VoOz6ult4NAQUgLLuA7mY2LpWLoFLm5eLQdegP/z8MS08p.S', 3, 'profile_pictures/15968065891-file.jpeg'),
(233, 'onila', '$2y$10$utd8tBv0ncTQWjxOZ0P7j.V5VNAp5TLtchJKDC/DrZsY1gv8Rho0W', 3, 'profile_pictures/15968068631-file.jpg'),
(234, 'osandha', '$2y$10$Ujpxs6vNvbLdm7w/.YcFdOsDT/3GqkPs/.G/GOdzdWVtIFNMP8PSq', 3, 'profile_pictures/15968070421-file.jpg'),
(235, 'sithum1', '$2y$10$XyARWwmSxS3l4O4M05ITkeYO1yG7qe/d91X3sskUFfnQ7GY/Adtjq', 3, 'profile_pictures/15968072131-file.jpeg'),
(236, 'nethuki', '$2y$10$ohB.bhGvKo31JKrIQlAW5O341zezgtGYyJK/QSAykPRnPsHk5Hsh2', 3, 'profile_pictures/15968073711-file.jpg'),
(237, 'tarushini', '$2y$10$vms4.pW2JlCRhOKOgXfrh.SgAl/wcNloNu.z/ZrJVkoHsUlsCZZEa', 3, 'profile_pictures/default.jpg'),
(238, 'teshara', '$2y$10$jz9VCM.fnck8Cs1SVDMBQOoqjaQPrBIigSNv1C4x64T7.Pm8XtAiy', 3, 'profile_pictures/15968077661-file.jpg'),
(239, 'tehani', '$2y$10$6iuoYjv24SVR/3yHQB31ieO3XN3KIKTCdtytkV6MO5vh.DXC8z1Q.', 3, 'profile_pictures/15968079161-file.jpg'),
(240, 'dhamsilu', '$2y$10$xyDoMTIqVNcZmx8vRNOJNewDS9S/PBCF6LT.KUM9.sHKGQRDiSoIu', 3, 'profile_pictures/15968081641-file.jpg'),
(241, 'akhitha', '$2y$10$dX8p6MNqqjPpVSDRFFIcnOV.GoF0PDXg75mIwpNDUuhjs5qg7yuzG', 3, 'profile_pictures/15968082991-file.jpg'),
(242, 'anupama1', '$2y$10$UW69qkpT5R.MpgTA5dNfsOqGl8td8SSUtAF0JjdaU1H7vtRQfHYUm', 3, 'profile_pictures/15968084511-file.jpeg'),
(243, 'avishka', '$2y$10$x5/rzRX6jfIFqXSYTuiNmeTuTT/nSvVK6u2fH88Ig0.ktfl7q.2gO', 3, 'profile_pictures/default.jpg'),
(244, 'dhulanya', '$2y$10$A3YRxEpuaGNQt5/2nK12TeY6jTraLkqktIpZGEHVe8jxJrU0MIpYS', 3, 'profile_pictures/15968088791-file.jpeg'),
(245, 'pabasari', '$2y$10$MHC7XE860UEhJygKXb98gutWiXlW1Mjvs322xgq6YLT7hd6wubNvK', 3, 'profile_pictures/15968089921-file.jpeg'),
(246, 'nethiki', '$2y$10$b6vv4Yu0.VXXXGmTkk2ExeSYGZa5MRTmittmiAx0gIMJNRgoJLq4i', 3, 'profile_pictures/15968091201-file.jpg'),
(247, 'amal', '$2y$10$uguNghCgVqFwKoO6b6hivewRf1ZNSSsn4oPJOYoAZ5IEflsvk6Jri', 3, 'profile_pictures/15968146221-file.jpeg'),
(248, 'sajith', '$2y$10$bYTkVEnRuK3eQ/1NFLHyreUuwhOviUyr7aWLoEJcFDv1JzbS.Actm', 3, 'profile_pictures/15968155381-file.jpeg'),
(249, 'thuurya', '$2y$10$.C2msJCwHI.fgRV8MNn7KuMpdUTmh4AGQNshRRhU1LkvbBqW1X352', 3, 'profile_pictures/15968156951-file.jpeg'),
(250, 'chethiya', '$2y$10$RCPbCfTf6M5NU4ALzxwAVenw3fqEU8gohFmu0LeSzbC/fU8UFWLI2', 3, 'profile_pictures/15968159351-file.jpeg'),
(251, 'vinuu', '$2y$10$nKjOpJejUo.U0HW4redaLuQgA2JGuQXCIdww.9TUeHOWO817Mnm5m', 3, 'profile_pictures/15968165451-file.jpeg'),
(252, 'principle', '$2y$10$ARaQhXj/COhsS0p7NFcZA.9IR4pJbn2Y3UpdfjtjpyM95XA/6Bg7m', 2, 'profile_pictures/15968175481-file.jpeg'),
(253, 'principal', '$2y$10$VVi/pM1I2fWbsJVdVxfibuzMTMdTFqQrIHWN.E0R3QmQ4zH1mMWli', 2, 'profile_pictures/15968176911-file.jpeg'),
(254, 'lalith', '$2y$10$.UW.gjxFaQQAXUB.cFQ0i.ZT8uEXEbAYVUfQC6R5nPiHBtMO07vVG', 4, 'profile_pictures/15968182741-file.jpg'),
(255, 'manel', '$2y$10$BtOL5YnzapauMgtdqfhOAuWWatjO1B2c33fum3S0t0gLVemn66PKK', 4, 'profile_pictures/15968185431-file.jpeg'),
(256, 'salani', '$2y$10$y52N0el/oj.83Yhy.BHzOu97WpGKkOPQai9fj.Y6XHv0CD8y38/r2', 4, 'profile_pictures/15968186921-file.jpg'),
(257, 'dhammika', '$2y$10$vs47PUEYpvidd5XHVypM1.PoWSS1RK7oc.QcQd21wlpd9j/DSVfpG', 4, 'profile_pictures/15968188691-file.jpeg'),
(258, 'nipuna', '$2y$10$SN1cFaKjY0sJlVvML/zSl.2U4Mw8uu6jiCoCKj92od1r/OLB4m2g2', 4, 'profile_pictures/15968192121-file.jpg'),
(259, 'selwam', '$2y$10$kIhJ6veUuWgojSQyScffWuRZe9G54GY3/6RITkmsl7lENgiSOMVza', 4, 'profile_pictures/15968197011-file.jpg'),
(260, 'johan', '$2y$10$hO2lmkOqhlHK/mfktezjL.KsJuQS4M7EAGAKo0vdrmPYQn7SnZCMK', 4, 'profile_pictures/15968201191-file.jpg'),
(261, 'tharani', '$2y$10$3A.r3HLwpCVWJK3jo/3e.ug0eQDLEOtUeQXWmky0TYuixAtE0mBI.', 4, 'profile_pictures/15968202951-file.jpeg'),
(262, 'pushpa', '$2y$10$zRNnHsCrqt4wEW7pB.F3i.5ubMPIe2JjexnOgkhW1ApFRiPWRd2Mm', 4, 'profile_pictures/15968205141-file.jpeg'),
(263, 'pushpa1', '$2y$10$6h3/.YMiSc2XZbn2gmecLeJdW.1kki7hER.DVAnoPhgA.rGhwKH6.', 4, 'profile_pictures/15968208041-file.jpeg'),
(264, 'nirmala', '$2y$10$Tg5Ef/x60PMCKTmsoC9JuOx5NlHLXWLBWmv/u4lmffoka18qRZ4dK', 4, 'profile_pictures/15968210141-file.jpeg'),
(265, 'saliya', '$2y$10$cu/oW2B38SmIegRKvzaytemRanrH3p7L3ApXhA3s3iwfM3lTwBASm', 4, 'profile_pictures/15968212241-file.jpeg'),
(266, 'chandrani', '$2y$10$/eiygAXMq6hGnhQ/Rf5/x.LyrESnM.deR/5mA8qOzTPas85qrCBN6', 4, 'profile_pictures/15968227771-file.jpeg'),
(267, 'amaya', '$2y$10$u2oKrYapIRKqu0ec./yNtekffT0JY4aI93C18b367fF9BRh4BodCy', 4, 'profile_pictures/15968229021-file.jpeg'),
(268, 'chethana', '$2y$10$sOPTpODCJJFsXKtLIiuc2uF0h6Z8Qlg6VFEFprG0OrMQLwtivobeO', 4, 'profile_pictures/15968230431-file.jpg'),
(269, 'upul', '$2y$10$7RttvhT0wgh/0yd.rlpx6.q74nwCQfuMoLNGEIP57vt6gxaz9dGg2', 4, 'profile_pictures/default.jpg'),
(270, 'dinelka', '$2y$10$F.2xdDROVAC5nVz.60WZ.uTU1gayj3TeKXonnE6Heoo3yyBGrwPWa', 4, 'profile_pictures/default.jpg'),
(271, 'chamidhu', '$2y$10$7AAEMyTc3vPf1jYsuEvHTOihcn2MqmEh05tHWy0C/lL4VsOmtjz5S', 4, 'profile_pictures/15968236821-file.jpeg'),
(272, 'hemal', '$2y$10$M6chzLBZA.xUh/BEPk4h0e/oxoRPp0jCK8GvMeAJ8kx7Hmo0Wezs.', 5, 'profile_pictures/15968413031-file.jpeg');

--
-- Indexes for dumped tables
--

--
-- Indexes for table `academic_term`
--
ALTER TABLE `academic_term`
  ADD PRIMARY KEY (`id`);

--
-- Indexes for table `cal_marks`
--
ALTER TABLE `cal_marks`
  ADD PRIMARY KEY (`student_admission_number`,`year`),
  ADD UNIQUE KEY `id` (`id`);

--
-- Indexes for table `class_updates`
--
ALTER TABLE `class_updates`
  ADD PRIMARY KEY (`id`),
  ADD KEY `class_updates_student_admission_number_foreign` (`student_admission_number`);

--
-- Indexes for table `extra_activities`
--
ALTER TABLE `extra_activities`
  ADD PRIMARY KEY (`id`),
  ADD KEY `extra_activities_admission_number_student_foreign` (`admission_number_student`);

--
-- Indexes for table `marks`
--
ALTER TABLE `marks`
  ADD PRIMARY KEY (`id`),
  ADD KEY `fk_subject` (`subject_id`),
  ADD KEY `fk_admission_number` (`admission_number`);

--
-- Indexes for table `migrations`
--
ALTER TABLE `migrations`
  ADD PRIMARY KEY (`id`);

--
-- Indexes for table `news`
--
ALTER TABLE `news`
  ADD PRIMARY KEY (`id`);

--
-- Indexes for table `notifications`
--
ALTER TABLE `notifications`
  ADD PRIMARY KEY (`id`);

--
-- Indexes for table `prefect_forms`
--
ALTER TABLE `prefect_forms`
  ADD PRIMARY KEY (`prefect_form_id`),
  ADD KEY `fk_prefect_forms` (`admission_number`);

--
-- Indexes for table `roles`
--
ALTER TABLE `roles`
  ADD PRIMARY KEY (`id`);

--
-- Indexes for table `students`
--
ALTER TABLE `students`
  ADD PRIMARY KEY (`admission_number`),
  ADD UNIQUE KEY `unique` (`id`),
  ADD KEY `fk_students` (`user_id`);

--
-- Indexes for table `subjects`
--
ALTER TABLE `subjects`
  ADD PRIMARY KEY (`id`);

--
-- Indexes for table `teachers`
--
ALTER TABLE `teachers`
  ADD PRIMARY KEY (`staff_id`),
  ADD UNIQUE KEY `id` (`id`),
  ADD KEY `fk_teachers` (`user_id`);

--
-- Indexes for table `teacher_subjects`
--
ALTER TABLE `teacher_subjects`
  ADD PRIMARY KEY (`id`),
  ADD KEY `fk_subjects` (`teacher_id`),
  ADD KEY `fk_sub` (`subject_id`);

--
-- Indexes for table `users`
--
ALTER TABLE `users`
  ADD PRIMARY KEY (`id`),
  ADD KEY `fk_users` (`role_id`);

--
-- AUTO_INCREMENT for dumped tables
--

--
-- AUTO_INCREMENT for table `academic_term`
--
ALTER TABLE `academic_term`
  MODIFY `id` int(11) NOT NULL AUTO_INCREMENT, AUTO_INCREMENT=5;

--
-- AUTO_INCREMENT for table `cal_marks`
--
ALTER TABLE `cal_marks`
  MODIFY `id` int(11) NOT NULL AUTO_INCREMENT, AUTO_INCREMENT=6;

--
-- AUTO_INCREMENT for table `class_updates`
--
ALTER TABLE `class_updates`
  MODIFY `id` bigint(20) UNSIGNED NOT NULL AUTO_INCREMENT, AUTO_INCREMENT=21;

--
-- AUTO_INCREMENT for table `extra_activities`
--
ALTER TABLE `extra_activities`
  MODIFY `id` bigint(20) UNSIGNED NOT NULL AUTO_INCREMENT, AUTO_INCREMENT=53;

--
-- AUTO_INCREMENT for table `marks`
--
ALTER TABLE `marks`
  MODIFY `id` int(11) NOT NULL AUTO_INCREMENT, AUTO_INCREMENT=956;

--
-- AUTO_INCREMENT for table `migrations`
--
ALTER TABLE `migrations`
  MODIFY `id` int(10) UNSIGNED NOT NULL AUTO_INCREMENT, AUTO_INCREMENT=4;

--
-- AUTO_INCREMENT for table `news`
--
ALTER TABLE `news`
  MODIFY `id` int(11) NOT NULL AUTO_INCREMENT, AUTO_INCREMENT=12;

--
-- AUTO_INCREMENT for table `notifications`
--
ALTER TABLE `notifications`
  MODIFY `id` int(11) NOT NULL AUTO_INCREMENT, AUTO_INCREMENT=10;

--
-- AUTO_INCREMENT for table `prefect_forms`
--
ALTER TABLE `prefect_forms`
  MODIFY `prefect_form_id` bigint(20) NOT NULL AUTO_INCREMENT;

--
-- AUTO_INCREMENT for table `roles`
--
ALTER TABLE `roles`
  MODIFY `id` bigint(20) NOT NULL AUTO_INCREMENT, AUTO_INCREMENT=6;

--
-- AUTO_INCREMENT for table `students`
--
ALTER TABLE `students`
  MODIFY `id` bigint(20) NOT NULL AUTO_INCREMENT, AUTO_INCREMENT=146;

--
-- AUTO_INCREMENT for table `subjects`
--
ALTER TABLE `subjects`
  MODIFY `id` int(11) NOT NULL AUTO_INCREMENT, AUTO_INCREMENT=18;

--
-- AUTO_INCREMENT for table `teachers`
--
ALTER TABLE `teachers`
  MODIFY `id` int(11) NOT NULL AUTO_INCREMENT, AUTO_INCREMENT=38;

--
-- AUTO_INCREMENT for table `teacher_subjects`
--
ALTER TABLE `teacher_subjects`
  MODIFY `id` bigint(20) NOT NULL AUTO_INCREMENT, AUTO_INCREMENT=44;

--
-- AUTO_INCREMENT for table `users`
--
ALTER TABLE `users`
  MODIFY `id` bigint(20) NOT NULL AUTO_INCREMENT, AUTO_INCREMENT=273;

--
-- Constraints for dumped tables
--

--
-- Constraints for table `cal_marks`
--
ALTER TABLE `cal_marks`
  ADD CONSTRAINT `cal_marks_student_admission_number_foreign` FOREIGN KEY (`student_admission_number`) REFERENCES `students` (`admission_number`);

--
-- Constraints for table `class_updates`
--
ALTER TABLE `class_updates`
  ADD CONSTRAINT `class_updates_student_admission_number_foreign` FOREIGN KEY (`student_admission_number`) REFERENCES `students` (`admission_number`);

--
-- Constraints for table `extra_activities`
--
ALTER TABLE `extra_activities`
  ADD CONSTRAINT `extra_activities_admission_number_student_foreign` FOREIGN KEY (`admission_number_student`) REFERENCES `students` (`admission_number`);

--
-- Constraints for table `marks`
--
ALTER TABLE `marks`
  ADD CONSTRAINT `fk_admission_number` FOREIGN KEY (`admission_number`) REFERENCES `students` (`admission_number`),
  ADD CONSTRAINT `fk_marks` FOREIGN KEY (`admission_number`) REFERENCES `students` (`admission_number`),
  ADD CONSTRAINT `fk_subject` FOREIGN KEY (`subject_id`) REFERENCES `subjects` (`id`);

--
-- Constraints for table `prefect_forms`
--
ALTER TABLE `prefect_forms`
  ADD CONSTRAINT `fk_prefect_forms` FOREIGN KEY (`admission_number`) REFERENCES `students` (`admission_number`);

--
-- Constraints for table `students`
--
ALTER TABLE `students`
  ADD CONSTRAINT `fk_students` FOREIGN KEY (`user_id`) REFERENCES `users` (`id`);

--
-- Constraints for table `teachers`
--
ALTER TABLE `teachers`
  ADD CONSTRAINT `fk_teachers` FOREIGN KEY (`user_id`) REFERENCES `users` (`id`) ON DELETE NO ACTION ON UPDATE NO ACTION;

--
-- Constraints for table `teacher_subjects`
--
ALTER TABLE `teacher_subjects`
  ADD CONSTRAINT `fk_sub` FOREIGN KEY (`subject_id`) REFERENCES `subjects` (`id`),
  ADD CONSTRAINT `fk_subjects` FOREIGN KEY (`teacher_id`) REFERENCES `teachers` (`staff_id`);

--
-- Constraints for table `users`
--
ALTER TABLE `users`
  ADD CONSTRAINT `fk_users` FOREIGN KEY (`role_id`) REFERENCES `roles` (`id`);
COMMIT;

/*!40101 SET CHARACTER_SET_CLIENT=@OLD_CHARACTER_SET_CLIENT */;
/*!40101 SET CHARACTER_SET_RESULTS=@OLD_CHARACTER_SET_RESULTS */;
/*!40101 SET COLLATION_CONNECTION=@OLD_COLLATION_CONNECTION */;
